,match,q1,q2
0,1,喝豆浆减肥？教你科学减肥,减肥期能喝豆浆吗？
1,1,喝豆浆减肥？教你科学减肥,怎么科学减肥？
2,1,山楂减肥汤 瘦成女神很简单,怎样瘦成女神呢？
3,1,山楂减肥汤 瘦成女神很简单,山楂怎么吃减肥？
4,1,山楂减肥汤 瘦成女神很简单,山楂减肥汤效果好吗？
5,1,山楂减肥汤 瘦成女神很简单,山楂减肥汤怎么做？
6,1,王牌减肥食物超燃脂 简单吃吃狂掉肉,什么食物最找烯脂？
7,1,王牌减肥食物超燃脂 简单吃吃狂掉肉,推荐减肥燃脂的食物
8,1,肠道顺自然瘦！每天1杯果汁养成易瘦体质,怎么能变成易瘦体质
9,1,肠道顺自然瘦！每天1杯果汁养成易瘦体质,喝什么果汁容易瘦
10,1,牢记生活细节 甩掉你的小肚腩,怎么甩掉小肚腩？
11,1,牢记生活细节 甩掉你的小肚腩,生活中注意哪些能减掉小肚腩
12,1,改善皮肤暗黄不做“黄脸婆”,如何改善皮肤暗黄？
13,1,改善皮肤暗黄不做“黄脸婆”,皮肤暗黄怎么办？
14,1,改善皮肤暗黄不做“黄脸婆”,皮肤有点暗黄，有方法改善吗
15,1,秋季如何快速全身美白,怎样可以全身快速美白？
16,1,秋季如何快速全身美白,有秋天可以快速全身美白的方法吗？
17,1,4款补血补气美味 让你美过大明星,有哪些即美味又能补气血的食品？
18,1,4款补血补气美味 让你美过大明星,有没哪种食品能补气血？
19,1,4款补血补气美味 让你美过大明星,请问哪种食物能补气又不难吃？
20,1,秋季护肤 美白防晒不能停,秋季护肤要注意什么
21,1,秋季护肤 美白防晒不能停,秋季怎么护肤更好
22,1,秋季美白保湿面膜,适合在秋季使用的保湿面膜是哪个
23,1,秋季美白保湿面膜,你知道秋季用哪种面膜好吗
24,1,秋季食物美白偏方,有没有秋季食物美白的偏方？
25,1,秋季食物美白偏方,有什么食物美白的偏方？
26,1,四招轻松去黑头,怎么能去黑头？
27,1,四招轻松去黑头,有去黑头的简单方法吗
28,1,推荐三款玉米养颜食谱 让皮肤白亮起来,有什么玉米养颜食谱吗？
29,1,推荐三款玉米养颜食谱 让皮肤白亮起来,请告诉我能让皮肤亮起来的养颜食谱
30,1,推荐三款玉米养颜食谱 让皮肤白亮起来,玉米能养颜美白吗？
31,1,盘点减肥要远离的四大食物,减肥不能吃什么
32,1,盘点减肥要远离的四大食物,你知道哪些食物减肥期不能吃吗
33,1,推荐四款蔬菜汁美容去斑点,请告诉我能美容祛斑的蔬菜汁怎么做
34,1,推荐四款蔬菜汁美容去斑点,能美容祛斑的蔬菜汁有吗
35,1,美肤瘦身多吃豆类食品,吃豆类食品对皮肤有什么好处
36,1,美肤瘦身多吃豆类食品,减肥吃豆类食品好吗
37,1,4大食物让皮肤保持弹嫩有光泽,哪些食物可以让皮肤保持光泽
38,1,4大食物让皮肤保持弹嫩有光泽,什么食物有利于皮肤保持弹性
39,1,盘点5大瘦脸食物 轻松吃出V形脸,哪些食物可以瘦脸？
40,1,盘点5大瘦脸食物 轻松吃出V形脸,有没有哪种食物对瘦脸有帮助
41,1,小小食盐功效多 美白祛痘好帮手,请问食盐对美容有帮助吗
42,1,小小食盐功效多 美白祛痘好帮手,有什么食物有美白祛痘的功效？
43,1,燃烧脂肪的三大食物,哪些食物可以燃烧脂肪
44,1,燃烧脂肪的三大食物,有没有哪种食物能减脂
45,1,怎样消除妊娠纹,妊辰纹可以消除吗
46,1,怎样消除妊娠纹,请告诉我消除妊辰纹的方法
47,1,自制美容养生粥 方便美味又健康,怎么做美容养生粥
48,1,八种补血菜 养出好气色,哪些菜可以补血
49,1,16款排毒减肥餐 边吃边甩肉,吃什么可以排毒减肥
50,1,减肥美容冬瓜饮的自制方法,怎么做冬瓜饮
51,1,三类人喝豆浆是火上浇油,什么人不适合喝豆浆
52,1,葡萄+枸杞 女人补血的良品,适合女人补血的食品有哪些
53,1,教你两种药粥食疗方消灭轻度脂肪肝,有治疗轻度脂肪肝的药膳吗
54,1,五款美白汤饮喝出嫩白肌肤,怎么做美白汤
55,1,5种食物容易伤害皮肤 远离！,哪些食物会伤害皮肤
56,1,女性需要远离的8大体臭食物,哪些食物吃了会让身体变臭
57,1,6种食物 让你“吃”出好身材,怎么吃出好身材
58,1,祛斑吃什么？ 3种果蔬帮你忙,果蔬可以祛斑吗
59,1,祛斑吃什么？ 3种果蔬帮你忙,哪些果蔬可以祛斑
60,1,4款食谱助你保养皮肤消雀斑,请推荐可以淡斑的食谱
61,1,秋季吃枣 美白抗衰老,吃枣有什么功效
62,1,秋季吃枣 美白抗衰老,枣有什么营养
63,1,秋季吃枣 美白抗衰老,哪种食物可以美白抗衰老
64,1,4款膳食让你罩杯疯长,有什么食物可以丰胸
65,1,为啥你喝凉水都长肉？,为什么我喝水都长肉
66,1,为啥你喝凉水都长肉？,为什么我吃什么都会胖
67,1,减肥食谱可不能少了苦瓜,苦瓜能减肥吗
68,1,初秋养肺食疗法 不容忽视的养生法则,告诉我养肺的食疗方
69,1,备孕推荐食谱,适合备孕期吃的食谱有哪些
70,1,适合减肥的九款低热量食物,哪些食物热量低适合减肥时吃
71,1,瘦身又美白的食物 你吃了没？,哪些食物即瘦身又能美白
72,1,帮助你快速减肥的五个方法,有哪些方法可以快速减肥
73,1,头发总出油怎么办？教你护理小妙招,油性发质有什么好的护理方法吗
74,1,喝点红豆水帮你消肿瘦脸,怎么消肿瘦脸
75,1,想要祛斑？多吃绿豆百合,吃什么祛斑
76,1,春季也需要防晒，分享几个小技巧,春季防晒有哪些技巧
77,1,春季也需要防晒，分享几个小技巧,分享几个春季防晒的技巧
78,1,春季也需要防晒，分享几个小技巧,春季怎么防晒
79,1,润肤养发四季百搭美食 这种食物真的有,推荐润肤养发的美食
80,1,润肤养发四季百搭美食 这种食物真的有,润肤养发的美食有哪些
81,1,润肤养发四季百搭美食 这种食物真的有,哪些美食可以润肤养发
82,1,三种食物吃出水嫩肌肤,有几种食物可以水嫩肌肤
83,1,三种食物吃出水嫩肌肤,推荐水嫩肌肤的食物
84,1,三种食物吃出水嫩肌肤,我想知道水嫩肌肤的秘诀
85,1,怎么吃都不长肉？太瘦的人要当心了,太瘦了，怎么吃都不长肉怎么办
86,1,怎么吃都不长肉？太瘦的人要当心了,怎么增肥
87,1,轻易祛斑小妙招：丝瓜调和蜂蜜,推荐祛斑的方法美食
88,1,轻易祛斑小妙招：丝瓜调和蜂蜜,那些美食可以祛斑
89,1,要是减肥 喝水都能瘦,每天只喝水可以减肥吗（）
90,1,使用护发素要看发质 用错易长头皮屑,有头皮屑可以用护发素吗
91,1,使用护发素要看发质 用错易长头皮屑,油性发质可以用护发素吗
92,1,使用护发素要看发质 用错易长头皮屑,推荐可以祛头皮屑的护发素
93,1,教你小妙招 消除牙垢原来可以这么做,怎么消除牙垢
94,1,教你小妙招 消除牙垢原来可以这么做,推荐消除牙垢的方法
95,1,鸡蛋去黑头 因人而异有点儿用,怎么祛黑头
96,1,鸡蛋去黑头 因人而异有点儿用,鸡蛋可以祛黑头吗
97,1,枸杞桂圆汤 加上3种料美容更营养,推荐美容更营养的食物
98,1,枸杞桂圆汤 加上3种料美容更营养,枸杞桂圆汤有哪些功效
99,1,枸杞桂圆汤 加上3种料美容更营养,枸杞桂圆汤搭配什么可以美容更营养
100,1,经常看电脑眼睛都要瞎掉了 喝这个管用吗,喝哪些可以防止眼睛疲劳
101,1,经常看电脑眼睛都要瞎掉了 喝这个管用吗,经常看电脑，喝什么对眼睛管用
102,1,肌肤不均匀 改善肌肤从这入手,推荐可以改善肌肤不均匀的方法
103,1,肌肤不均匀 改善肌肤从这入手,改善肌肤从哪入手
104,1,怎么去鱼尾纹 用这物就能解决,怎么解决鱼尾纹
105,1,怎么去鱼尾纹 用这物就能解决,用什么可以祛鱼尾纹
106,1,红血丝怎么修复 红血丝应该怎么办,推荐修复红血丝的方法
107,1,红血丝怎么修复 红血丝应该怎么办,有红血丝怎么办，怎么修复
108,1,嘴巴周围长痘怎么办 这样做巧妙去痘,推荐祛痘的方法
109,1,嘴巴周围长痘怎么办 这样做巧妙去痘,怎么做 可以祛除嘴巴周围的痘痘
110,1,6种食物让你越吃越黑,哪些食物让你越吃越黑
111,1,6种食物让你越吃越黑,越吃越黑的食物有哪些
112,1,6种食物让你越吃越黑,什么食物越吃越黑
113,1,六大健康食物给爱美的你,吃哪些食物健康
114,1,六大健康食物给爱美的你,吃什么食物健康
115,1,六大健康食物给爱美的你,哪些食物健康又美容
116,1,清凉饮品 美白消暑两不误,什么饮品消暑美白
117,1,清凉饮品 美白消暑两不误,有哪些饮品可以美白消暑
118,1,倾听咀嚼声可以减少食物摄入量,怎么减少食物摄入量
119,1,倾听咀嚼声可以减少食物摄入量,咀嚼声可以减少食物摄入量吗
120,1,美容吃猪皮并不有效,吃猪皮可以美容吗
121,1,美容吃猪皮并不有效,吃猪皮对美容有效吗
122,1,美容吃猪皮并不有效,吃什么可以美容
123,1,节食减肥会引起这6个病症,节食减肥会引发哪些病症
124,1,节食减肥会引起这6个病症,哪些病症是节食减肥引起的
125,1,九个方法帮你快速去掉黑眼圈,哪些方法可以快速去掉黑眼圈
126,1,九个方法帮你快速去掉黑眼圈,黑眼圈怎么快速去掉
127,1,九个方法帮你快速去掉黑眼圈,推荐去掉黑眼圈的方法
128,1,低脂食品不能减脂，还会使人发胖,低脂食品可以减脂吗
129,1,低脂食品不能减脂，还会使人发胖,使人发胖的食品有哪些
130,1,喝汤可以增加饱腹感,如何增加饱腹感
131,1,喝汤可以增加饱腹感,喝什么可以增加饱腹感
132,1,瓜果蔬菜护肤 全球春季正当红,春季吃什么可以护肤
133,1,瓜果蔬菜护肤 全球春季正当红,什么瓜果蔬菜春节可以护肤
134,1,女人每月“那几天”吃什么最健康养颜,月经吃什么可以健康养颜
135,1,女人每月“那几天”吃什么最健康养颜,推荐健康养颜的食物
136,1,治疗女性月经量少的5大健康食谱,月经量少怎么调理，吃什么好
137,1,春夏多吃三种食物易排毒,吃哪些食物可以排毒
138,1,春夏多吃三种食物易排毒,推荐易排毒的食物
139,1,春夏多吃三种食物易排毒,春夏吃什么可以排毒
140,1,3款美容食谱,推荐美容食谱
141,1,3款美容食谱,吃什么可以美容
142,1,6种方法 选出优质胶原蛋白食物,有哪些方法可以选出优质胶原蛋白食物
143,1,6种方法 选出优质胶原蛋白食物,推荐选出原蛋白食物的方法
144,1,6种方法 选出优质胶原蛋白食物,胶原蛋白食物，怎么挑选
145,1,食疗还是保健品 女性应该怎样补充胶原蛋白,怎么补充胶原蛋白
146,1,食疗还是保健品 女性应该怎样补充胶原蛋白,保健品可以补充胶原蛋白吗
147,1,食疗还是保健品 女性应该怎样补充胶原蛋白,哪些食疗可以补充胶原蛋白
148,1,10款丰胸汤 吃出C杯胸不是梦,哪些汤有丰胸的效果
149,1,10款丰胸汤 吃出C杯胸不是梦,胸太小了，喝什么汤可以丰胸
150,1,10款丰胸汤 吃出C杯胸不是梦,吃什么可以丰胸
151,1,9种吃了不用去美容院的食物,什么食物可以美容
152,1,9种吃了不用去美容院的食物,美容食物有哪些
153,1,5个保湿小技巧帮你养出Q弹肌,保湿有哪些技巧
154,1,5个保湿小技巧帮你养出Q弹肌,怎么养出Q弹肌
155,1,5个保湿小技巧帮你养出Q弹肌,哪些保湿技巧可以养出Q弹肌
156,1,吃保健品排毒不如吃红薯,红薯有排毒功效吗
157,1,吃保健品排毒不如吃红薯,推荐排毒的食物
158,1,吃保健品排毒不如吃红薯,吃什么可以排毒
159,1,天然刮油减脂食物有哪些呢？,吃什么可以刮油减脂
160,1,天然刮油减脂食物有哪些呢？,推荐的天然刮油减脂食物
161,1,这种减肥泡菜 三分钟搞定,泡菜可以减肥吗
162,1,这种减肥泡菜 三分钟搞定,怎么快速减肥
163,1,消除小肚腩的10种食物,真正消除肚腩的食物有哪些
164,1,消除小肚腩的10种食物,吃什么食物可以消除小肚腩
165,1,消除小肚腩的10种食物,推荐消减小肚腩的食物
166,1,3大减肥食谱 高效燃脂瘦身,吃什么可以高效燃脂瘦身
167,1,3大减肥食谱 高效燃脂瘦身,有哪些食谱可以高效燃脂瘦身
168,1,狂吃减压易发胖 选对食物没问题（）,有哪些食物减压又不发胖的
169,1,狂吃减压易发胖 选对食物没问题（）,推荐好吃不发胖的食物
170,1,7个食疗小偏方吃脸上斑斑点点,哪些食物吃了脸上会斑斑点点
171,1,女人爱自己 经期喝玫瑰花茶可缓解抑郁,经期喝什么可以缓解抑郁
172,1,女人爱自己 经期喝玫瑰花茶可缓解抑郁,推荐经期可以缓解抑郁的茶
173,1,女人爱自己 经期喝玫瑰花茶可缓解抑郁,玫瑰花茶有什么功效，经期可以喝吗
174,1,青苹果防止肥胖,哪些水果可以防止肥胖
175,1,青苹果防止肥胖,青苹果有什么功效
176,1,巧克力是美容神器 但是不宜多吃,巧克力有什么功效
177,1,巧克力是美容神器 但是不宜多吃,巧克力美容吗？能不能多吃
178,1,饭前吃蔬菜有助减肥,饭前吃哪些可以帮助减肥
179,1,饭前吃蔬菜有助减肥,推荐有助减肥的食物
180,1,果蔬让女性更有魅力,吃什么可以更有魅力
181,1,一不留神就发胖：走路吃东西易发胖,吃什么不容易发胖
182,1,一不留神就发胖：走路吃东西易发胖,推荐不容易发胖的食物
183,1,加速衰老的6种行为,哪些行为会加速衰老
184,1,加速衰老的6种行为,加速衰老是哪些行为导致的
185,1,每天坚持吃蔬果 轻松瘦身,吃什么可以瘦身
186,1,每天坚持吃蔬果 轻松瘦身,想轻松瘦身，每天要吃什么
187,1,每天坚持吃蔬果 轻松瘦身,推荐轻松瘦身的蔬果
188,1,减肥2神器 香蕉和酸奶,香蕉和酸奶可以减肥吗
189,1,减肥2神器 香蕉和酸奶,减肥有什么神器
190,1,10种食物排毒消脂 加倍享瘦,吃什么食物可以排毒消脂（）
191,1,10种食物排毒消脂 加倍享瘦,推荐加倍享瘦的食物
192,1,咖啡加盐 去苦味助减肥,咖啡加盐有什么功效
193,1,咖啡加盐 去苦味助减肥,去苦味助减肥的食物有哪些
194,1,饭前喝点水就能瘦？,吃饭之前喝水有什么帮助？
195,1,吃东西的时间并不影响你减肥,减肥并不影响吃东西的时间
196,1,吃东西的时间并不影响你减肥,如何做到既减肥又不影响吃东西的时间
197,1,吃素减肥不可取,只吃素就可以减肥吗
198,1,香蕉8大益处 健体亦美容,香蕉有哪些功效
199,1,香蕉8大益处 健体亦美容,吃什么可以健体亦美容
200,1,皮肤保养的饮食宜忌 让你的皮肤吹弹可破,怎么饮食能保养皮肤
201,1,春季美颜的4种食材,哪些食材春季吃可以美颜
202,1,春季美颜的4种食材,推荐几种春季美颜的食材
203,1,春季减肥 9种吃法让你越吃越瘦,春季哪些吃法能越吃越瘦
204,1,春季减肥 9种吃法让你越吃越瘦,推荐春季几种吃法能越吃越瘦
205,1,核桃新吃法 让你的头发又黑又亮,吃哪些食物能让头发又黑又亮
206,1,核桃新吃法 让你的头发又黑又亮,吃核桃对头发有什么帮助
207,1,核桃新吃法 让你的头发又黑又亮,又黑又亮的头发是吃了什么
208,1,8种食物能轻松消除小肚腩,哪些食物可以轻松消除小肚腩
209,1,8种食物能轻松消除小肚腩,如何轻松消除小肚腩
210,1,牙齿美白小窍门 让你笑口常开,牙齿美白有哪些小窍门
211,1,喝茶能够祛斑？要怎样喝呢？,祛斑喝茶有用吗
212,1,喝茶能够祛斑？要怎样喝呢？,怎么喝茶能够祛斑
213,1,黑木耳瘦身食谱简单DIY,黑木耳搭配哪些食谱有瘦身效果
214,1,白醋洗脸 4种方法让你变白变美,白醋洗脸有哪些方法
215,1,白醋洗脸 4种方法让你变白变美,白醋洗脸有什么功效
216,1,白醋洗脸 4种方法让你变白变美,我想变白变美用白醋洗脸有用吗
217,1,抗衰老的7个方法 巧用绿茶美容,有哪些方法可以抗衰老
218,1,抗衰老的7个方法 巧用绿茶美容,用绿茶抗衰老美容有什么方法
219,1,加餐4个小技巧 减肥成功吃得好,哪些小技巧可以减肥又能吃得好
220,1,加餐4个小技巧 减肥成功吃得好,如何加餐，但又不耽误减肥
221,1,吃甜食7个技巧 让你不发胖,怎么吃甜食不发胖
222,1,吃甜食7个技巧 让你不发胖,想吃甜食但有不发胖的技巧有哪些
223,1,妙用5种食物 轻松改善粗糙肌肤,有什么食物可以改善粗糙肌肤
224,1,妙用5种食物 轻松改善粗糙肌肤,怎么轻松改善粗糙肌肤用什么食物
225,1,调理肠胃 赶走便秘的4种食物,哪些食物可以赶走便秘
226,1,调理肠胃 赶走便秘的4种食物,吃什么食物可以赶走便秘
227,1,调理肠胃 赶走便秘的4种食物,调理肠胃有哪些食物
228,1,十种食品 打造零毛孔美人,哪些食品可以收缩毛孔
229,1,十种食品 打造零毛孔美人,怎么做零毛孔美人应该吃什么食品
230,1,喝可乐可以越喝越瘦 不是骗人的,喝可乐能瘦吗 是不是骗人的
231,1,当心减肥减出脂肪肝,怎么有效减肥
232,1,当心减肥减出脂肪肝,减肥小心减出脂肪肝
233,1,这样吃粗粮 不用运动也能变瘦,吃哪些粗粮不用运动就能瘦
234,1,这样吃粗粮 不用运动也能变瘦,不想运动 吃什么也可以变瘦
235,1,5类减肥食物 吃着就能瘦,那类食物吃了就能瘦
236,1,5类减肥食物 吃着就能瘦,吃了就能瘦的食物有哪些
237,1,零负担减肥食物 享瘦又健康,享瘦又健康有哪些食物
238,1,减肥先排毒 3个诀窍教你做无毒美人,有什么秘诀可以做无毒美人
239,1,减肥先排毒 3个诀窍教你做无毒美人,哪些诀窍既排毒又减肥
240,1,想要减肥的你今天吃早餐了吗,你今天吃早餐了吗减肥期间
241,1,减肥的人注意：4种吃法扰乱新陈代谢,哪些吃法扰乱新陈代谢
242,1,减肥的人注意：4种吃法扰乱新陈代谢,减肥期间应该注意哪些吃法
243,1,关于生理期减肥 有四点要清楚,生理期期间减肥要清楚哪些
244,1,六种可以让你急速减肥的蔬菜,哪些蔬菜可以让你急速减肥
245,1,六种可以让你急速减肥的蔬菜,急速减肥的蔬菜有哪些
246,1,喝啤酒会长胖么？,长胖是不是喝啤酒导致的？
247,1,两周都可以不重样 11种低卡路里早餐推荐,11种低卡路里早餐有哪些
248,1,两周都可以不重样 11种低卡路里早餐推荐,推荐不重样的早餐 11种低卡路里的
249,1,祛斑滋补汤 帮你祛除老年斑,祛除老年斑有哪些汤
250,1,祛斑滋补汤 帮你祛除老年斑,祛斑滋补汤能祛老年斑吗
251,1,眼部皮肤脆弱 如何护眼？,怎么护理眼部皮肤
252,1,眼部皮肤脆弱 如何护眼？,眼部皮肤脆弱怎么正确护理
253,1,脸蛋红血丝是怎么形成的 能去除吗？,怎么去除脸蛋红血丝
254,1,脸蛋红血丝是怎么形成的 能去除吗？,去除脸蛋红血丝有什么妙招
255,1,减肥要健康 10种小秘方帮你解决,哪些秘方既能减肥又健康
256,1,减肥要健康 10种小秘方帮你解决,推荐几种减肥又健康的秘方
257,1,十二个最快减肥秘籍法,最快减肥秘籍有哪些
258,1,十二个最快减肥秘籍法,推荐最快减肥秘籍的方法
259,1,敏感肌MM春季护肤注意5件事,春季护肤要注意哪些
260,1,敏感肌MM春季护肤注意5件事,推荐敏感肌春季要注意事件
261,1,女人吃枣，红颜不老,红枣有哪些功效
262,1,女人吃枣，红颜不老,我想红颜不老，吃枣有用吗
263,1,吃出小蛮腰的瘦身餐（）,我想拥有小蛮腰吃哪些瘦身餐好
264,1,吃出小蛮腰的瘦身餐（）,小蛮腰的瘦身餐有哪些（）
265,1,电脑族美容 轻松祛斑小妙招,经常看电脑，怎么美容
266,1,教你只花4分钟 炮制减肥早餐,怎么快捷做出减肥早餐
267,1,教你只花4分钟 炮制减肥早餐,吃哪些早餐可以快速减肥
268,1,吃出来的俏丽容颜 4道药膳来美容,有哪些药膳可以美容
269,1,吃出来的俏丽容颜 4道药膳来美容,如何用药膳美容，想拥有俏丽容颜
270,1,想要美白 这些食物要少吃,哪些食物不利于美白
271,1,想要美白 这些食物要少吃,要少吃哪些食物才能美白
272,1,吃水果减肥 两大误区一定认清,吃水果就能减肥吗
273,1,吃水果减肥 两大误区一定认清,如何正确的吃水果减肥
274,1,5大减肥技巧 让你越吃越瘦,有什么技巧能越吃越瘦
275,1,留住芳华 只需这6款高颜值粥品,有哪些高颜值粥品，能留住芳华
276,1,留住芳华 只需这6款高颜值粥品,推荐高颜值粥品
277,1,芝麻花生帮女人身材升Cup！,芝麻花生能瘦身吗
278,1,芝麻花生帮女人身材升Cup！,身材升Cup 吃芝麻花生有用吗
279,1,香蕉热量低 但减肥不可取,香蕉有哪些功效 可以减肥不
280,1,香蕉热量低 但减肥不可取,减肥不可取的水果有哪些
281,1,西红柿可祛斑 你知道到吗,西红柿有什么功效
282,1,西红柿可祛斑 你知道到吗,祛斑吃西红柿有用吗
283,1,石斛的5种吃法 美容又养生,石斛有哪些吃法既美容又养生
284,1,石斛的5种吃法 美容又养生,既美容又养生的食物有哪些
285,1,减肥最佳食品——豆腐,减肥最佳食品有哪些
286,1,减肥最佳食品——豆腐,豆腐是减肥最佳食品吗
287,1,减肥最佳食品——豆腐,推荐减肥最佳食品
288,1,食物这样吃 可以让你快速瘦身,怎么吃食物才能快速瘦身
289,1,食物这样吃 可以让你快速瘦身,快速瘦身的食物有哪些改怎么吃
290,1,晚上怎么吃水果帮助减肥？,晚上吃哪些可以帮助减肥
291,1,晚上怎么吃水果帮助减肥？,晚上吃水果对减肥有帮助吗
292,1,晚上怎么吃水果帮助减肥？,推荐晚上可以减肥的水果
293,1,减肥要吃4种食物 让你变成“小腰精”,怎么变成小腰精，要吃哪些减肥食物
294,1,经期减肥法 确有效果还是商家炒作,经期减肥有效果吗
295,1,土豆四大好处 瘦身美容又养生,土豆有哪些功效，能瘦身吗
296,1,土豆四大好处 瘦身美容又养生,瘦身美容又养生的蔬菜有哪些
297,1,7款不可错过的饮食小偏方 让你轻松瘦下来,哪些饮食小偏方能轻松瘦下来
298,1,安利7款减肥粥 解决各种肥胖体质,怎么解决肥胖体质
299,1,安利7款减肥粥 解决各种肥胖体质,喝粥能解决肥胖体质吗
300,1,8种青春永驻妙招 让你永远18岁,青春永驻有什么妙招
301,1,8种青春永驻妙招 让你永远18岁,怎么永远18岁有什么方法
302,1,6款食物让你秀出小蛮腰,吃了哪些食物能保持身材
303,1,6款食物让你秀出小蛮腰,小蛮腰是吃了什么食物塑造的
304,1,美容祛斑 4种食物帮你轻松解决,轻松解决祛斑的食物有哪些
305,1,酸奶加点料 甩掉小肚腩,酸奶加什么可以甩掉小肚腩
306,1,酸奶加点料 甩掉小肚腩,甩掉小肚腩的食物有哪些
307,1,3天果汁排毒减肥法,哪些果汁可以排毒减肥
308,1,3天果汁排毒减肥法,推荐3天可以排毒减肥的果汁
309,1,4个小窍门帮你快速瘦掉大粗腿,怎么快速瘦掉大粗腿
310,1,4个小窍门帮你快速瘦掉大粗腿,瘦掉大粗腿有什么小窍门
311,1,减肥食物 16种减肥食物排行榜,有多少种食物可以减肥
312,1,减肥食物 16种减肥食物排行榜,减肥排行榜的食物有哪些
313,1,这些食物只吃不胖！减肥族请保存,哪些食物只吃不胖
314,1,这些食物只吃不胖！减肥族请保存,只吃不胖的食物哪些
315,1,春季皮肤常见问题 3个对策各个击破,春季皮肤有哪些问题，有什么对策击破
316,1,春季皮肤常见问题 3个对策各个击破,怎么解决春季皮肤问题
317,1,春季护肤怎么做 补充维C能保湿,推荐补春季护肤的方法
318,1,春季护肤怎么做 补充维C能保湿,补充维C对皮肤有什么功效
319,1,春季护肤必须要知道这4点,春季护肤要注意哪几点
320,1,掌握5种技巧 让面膜效果加倍,哪些技巧能让让面膜效果加倍
321,1,掌握5种技巧 让面膜效果加倍,推荐面膜效果加倍的技巧
322,1,女性脱发不可怕 这6个方法能帮到你,女性脱发有什么方法解决
323,1,女性脱发不可怕 这6个方法能帮到你,推荐脱发解决方法
324,1,清肠素食 肠道变得更年轻,有哪些素食可以清肠
325,1,清肠素食 肠道变得更年轻,如何使肠道变得更年轻
326,1,一日吃仨枣保健又美容,每日吃枣可以保健美容吗
327,1,一日吃仨枣保健又美容,推荐每日吃什么水果可以保健又美容
328,1,四季瘦身 一年四季都适合减肥的水果,什么水果可以一年四季吃适合减肥效果的
329,1,6款番茄减肥食谱 让你吃出好身材,番茄搭配什么有减肥效果
330,1,6款番茄减肥食谱 让你吃出好身材,哪些番茄有减肥效果（）
331,1,春季瘦身 草莓可以帮你减肥,草莓有什么功效可以减肥吗
332,1,五种瘦身早餐 让你轻松瘦下来,有几种早餐可以轻松瘦下来
333,1,五种瘦身早餐 让你轻松瘦下来,推荐瘦身早餐
334,1,减肥不吃早餐的五大危害,减肥不吃早餐有什么危害
335,1,减肥不吃早餐的五大危害,有哪些危害是减肥不吃早餐导致的
336,1,猪尾凤爪香菇汤美容丰胸效果佳,推荐丰胸效果佳食品
337,1,猪尾凤爪香菇汤美容丰胸效果佳,猪尾凤爪香菇汤有什么功效
338,1,核桃松仁粟米羹美容又健胸,核桃松有什么功效
339,1,核桃松仁粟米羹美容又健胸,推荐美容又健胸的食品
340,1,菠萝帮你清体美容消脂,吃什么水果可以美容消脂
341,1,菠萝帮你清体美容消脂,菠萝有哪些功效
342,1,菠萝帮你清体美容消脂,清体美容消脂的水果有哪些
343,1,蜂蜜生姜水防老年斑,如何防老年斑
344,1,蜂蜜生姜水防老年斑,蜂蜜生姜水有什么功效
345,1,蜂蜜生姜水防老年斑,推荐防止老年斑的食品
346,1,16种果蔬让女性更美丽,哪些果蔬吃了让女性更美丽
347,1,16种果蔬让女性更美丽,让女性更美丽的果蔬有哪些
348,1,5个妙招 轻松解决皮肤出油,皮肤出油怎么解决
349,1,5个妙招 轻松解决皮肤出油,有哪些方法可以轻松解决皮肤出油
350,1,不避开这6大误区 美白就白做了,避开哪些误区，不然美白就白做了
351,1,不避开这6大误区 美白就白做了,美白就白做了是哪些导致的
352,1,8个饮食原则 让你怎么吃都不胖,哪些饮食原则怎么吃都不胖
353,1,8个饮食原则 让你怎么吃都不胖,推荐怎么吃都不胖的饮食原则
354,1,春季要减肥 先学挑食物,春季怎么减肥 吃哪些食物好
355,1,春季要减肥 先学挑食物,春季挑选食物可以减肥
356,1,少吃多餐可以减肥 如何吃才最减肥,怎么吃最减肥
357,1,少吃多餐可以减肥 如何吃才最减肥,推荐最减肥的方法
358,1,少吃多餐可以减肥 如何吃才最减肥,少吃多餐有减肥效果吗
359,1,喝3种茶去除口臭，与人交流不再尴尬,推荐几种茶可以去除口臭的
360,1,喝3种茶去除口臭，与人交流不再尴尬,与人交流不再尴尬是喝了什么茶祛除口臭的
361,1,喝3种茶去除口臭，与人交流不再尴尬,去除口臭的茶有哪些
362,1,春季减肥4大问 排毒帮你减体重,推荐春季减肥排毒减体重的方法
363,1,春季减肥要注意 运动为主节食为辅,春季怎么运动和解决可以减肥要注意什么
364,1,想要更加苗条 没事喝点儿茶,怎么让身材更加苗条
365,1,想要更加苗条 没事喝点儿茶,喝茶能使身材更加苗条吗
366,1,这些穴位经常按摩可以减肥,经常按哪些穴位可以减肥
367,1,这些穴位经常按摩可以减肥,哪些穴位按摩可以有减肥效果
368,1,5个错误坐姿最易导致肥胖,肥胖是哪些坐姿导致的
369,1,5个错误坐姿最易导致肥胖,导致肥胖的坐姿有哪些
370,1,5个错误坐姿最易导致肥胖,哪些错误的坐姿最易导致肥胖
371,1,春季防晒的几个小窍门,春季怎么防晒
372,1,春季防晒的几个小窍门,推荐一些防晒小窍门
373,1,晚上这样吃，只会越来越瘦,晚上怎么吃会越来越瘦
374,1,教你8个怎么吃都不胖的妙招,怎么吃都不胖有哪些妙招
375,1,教你8个怎么吃都不胖的妙招,推荐几个怎么吃都不胖的妙招
376,1,减肥效果最佳的3个时间,推荐减肥最佳时间
377,1,减肥效果最佳的3个时间,哪几个时间段是减肥效果最佳的
378,1,吃蔬菜有啥好处？巧吃蔬菜不变老,推荐一些巧吃不变老的蔬菜
379,1,苹果牛奶减肥法 让你2天瘦7斤,吃苹果牛奶怎么快速变瘦
380,1,苹果牛奶减肥法 让你2天瘦7斤,推荐一些减肥方法
381,1,皮肤会变黑全是因为它们,皮肤越来越黑是吃什么导致的
382,1,皮肤会变黑全是因为它们,吃哪些食物会使皮肤会变黑
383,1,美容养颜 教你“喝”掉斑点,喝哪些可以祛除斑点
384,1,4种方法教会你喝柠檬水减肥,怎么正确喝柠檬水有减肥效果
385,1,4种方法教会你喝柠檬水减肥,哪些方法喝柠檬水可以减肥
386,1,想要排毒瘦身 你绝对不能错过它,想要排毒瘦身有哪些食品
387,1,3月怎能不减肥 3种可以减肥的食物,那几种食物可以减肥
388,1,3月怎能不减肥 3种可以减肥的食物,3月怎能不减肥，推荐一些减肥的食物
389,1,健康减肥 6种蔬菜帮你快速瘦身,那几种蔬菜可以快速健康减肥
390,1,健康减肥 6种蔬菜帮你快速瘦身,推荐几种蔬菜可以健康减肥的
391,1,减肥沙拉那种酱好 这三种酱可代替沙拉酱,哪些酱可代替沙拉酱 达到减肥效果
392,1,吃蔬菜沙拉可以减肥吗 原来是这么回事儿,蔬菜沙拉有什么功效
393,1,减肥吃鱼腥草，效果好不好？,鱼腥草有什么效果
394,1,减肥吃鱼腥草，效果好不好？,减肥吃鱼腥草效果怎么样
395,1,肥胖的真正敌人是谁？,肥胖是什么导致的
396,1,肥胖的真正敌人是谁？,肥胖要注意哪些
397,1,不长肉的肉食瘦身餐,推荐不长肉的瘦身餐
398,1,不长肉的肉食瘦身餐,哪些肉食吃了不长肉
399,1,5款冠军茶 喝茶变苗条,推荐一些变苗条的菜
400,1,减肥期间喝点儿茶 健康方便又排毒,健康减肥既方便又排毒的菜有哪些
401,1,喝它可排毒 久服可轻身,推荐一些既轻身又排毒可久服的食品
402,1,6种常见水果让你瘦成瓜子脸,哪些常见水可以瘦成瓜子脸
403,1,6种常见水果让你瘦成瓜子脸,瘦成瓜子脸要吃哪些常见水果
404,1,多吃菌菇 能够美容养出好皮肤,菌菇有什么功效
405,1,多吃菌菇 能够美容养出好皮肤,美容养出好皮肤要多吃菌菇
406,1,上班族减掉赘肉的小妙招,减掉赘肉有哪些小妙招
407,1,上班族减掉赘肉的小妙招,上班族怎么减掉赘肉
408,1,吃水果来减肥的2个误区,吃水果来减肥有哪些误区
409,1,晚餐饮食减肥的5个技巧,晚餐饮食减肥有哪些技巧
410,1,晚餐饮食减肥的5个技巧,推荐晚餐饮食减肥的技巧
411,1,几款自制养颜美容茶助你排出毒素,哪些自制美容茶可排出毒素
412,1,几款自制养颜美容茶助你排出毒素,推荐几款可以排出毒素的自制养颜美容茶
413,1,怎样防止乳防下垂,乳防下垂是什么导致的
414,1,怎样防止乳防下垂,推荐防止乳防下垂的食品
415,1,怎样防止乳防下垂,乳防下垂怎么防止
416,1,想减肥？米饭应该这么吃,米饭这么吃可以减肥
417,1,脸上有斑点怎么办？常吃3食物能祛斑,常吃哪些食物能祛斑
418,1,脸上有斑点怎么办？常吃3食物能祛斑,推荐祛除脸上有斑点的食物
419,1,五款茶饮 去掉小肚腩,喝哪些茶能去掉小肚腩
420,1,春季减肥的九个方法,春季减肥有哪些方法
421,1,春季减肥的九个方法,减肥春季有什么技巧
422,1,为爱美女性搭配合理美容餐,美容餐有哪些
423,1,为爱美女性搭配合理美容餐,如何合理搭配美容餐
424,1,吃白菜能减肥？ 这样吃才有效,哪些蔬菜怎么吃菜有效减肥
425,1,吃白菜能减肥？ 这样吃才有效,推荐有效减肥的蔬菜
426,1,睡前几个动作甩掉大肚腩,睡前做哪些运动能甩掉大肚腩
427,1,睡前几个动作甩掉大肚腩,怎么甩掉大肚腩
428,1,睡前几个动作甩掉大肚腩,推荐睡前甩掉大肚腩的动作
429,1,学会5招让你久坐不发胖,久坐不发胖有哪些技巧
430,1,学会5招让你久坐不发胖,推荐久坐不发胖的招数
431,1,减肥但想吃曲奇 全麦曲奇拯救你,哪些零食对减肥有帮助
432,1,减肥但想吃曲奇 全麦曲奇拯救你,全麦曲奇有利于减肥吗
433,1,减肥但想吃曲奇 全麦曲奇拯救你,想吃曲奇，不知道对减肥有没有帮助
434,1,"好肤色也可以""喝""出来 8款适合女性的滋补汤",哪些汤对肤色有帮助，适合女性喝的
435,1,"好肤色也可以""喝""出来 8款适合女性的滋补汤",推荐一些滋补汤
436,1,2款花茶就能喝出好气色 让你人比花娇,推荐喝出好气色的花茶
437,1,2款花茶就能喝出好气色 让你人比花娇,能喝出好气色的花茶有哪些
438,1,7大抗皱水果 助你破解肌肤的皱语,抗皱的水果有哪些
439,1,7大抗皱水果 助你破解肌肤的皱语,怎么破解肌肤的皱语，有哪些水果有帮助
440,1,适量蔬果汁 排毒又美容,推荐排毒有美容的蔬果汁
441,1,适量蔬果汁 排毒又美容,怎么吃蔬果汁有利于排毒又美容
442,1,手把手教你做减肥果汁,怎么做果汁有利于减肥
443,1,手把手教你做减肥果汁,哪些果汁有减肥功效
444,1,科学减肥 需要三管齐下,怎么科学减肥，方法有哪些
445,1,经常染发？你需要这4种食物,哪些是食物对经常染发有帮助
446,1,经常染发？你需要这4种食物,经常染发需要吃哪些食物
447,1,染发的4大危害 一不小心可致癌,染发有哪些危害
448,1,5个注意事项 将染发伤害降到最低,染发注意哪些可以将伤害降到最低
449,1,5个注意事项 将染发伤害降到最低,染发避开哪些
450,1,女性每日一把葡萄干,经常吃葡萄干有什么好处
451,1,女性每日一把葡萄干,女性吃葡萄干有什么功效
452,1,丰胸食材 多吃这些让您风韵犹存,多吃哪些食材可以丰胸
453,1,丰胸食材 多吃这些让您风韵犹存,吃什么可以丰胸
454,1,美容巧吃三文鱼,怎么吃三文鱼可以美容
455,1,美容巧吃三文鱼,三文鱼有什么功效
456,1,豆腐搭配牛奶 轻松瘦身,豆腐搭配牛奶可以瘦身吗
457,1,豆腐搭配牛奶 轻松瘦身,哪些食物可以轻松瘦身
458,1,瘦腰课程表 吃着减赘肉,瘦腰有哪些技巧
459,1,怎么防治黄褐斑，不做“黄脸婆”,不做黄脸婆有哪些技巧
460,1,怎么防治黄褐斑，不做“黄脸婆”,黄褐斑怎么祛除预防
461,1,春天减肥 多吃这些豆类让你瘦得更健康,我想瘦得更健康要吃哪些豆类食物
462,1,原来茶叶水能这样用来美容！,茶叶水可以用来美容吗
463,1,原来茶叶水能这样用来美容！,怎么用茶叶水美容
464,1,效果相差甚远的果蔬DIY敷面,怎么用果蔬DIY敷面
465,1,女人必备的黄金食物,哪些是黄金食物
466,1,女人必备的黄金食物,推荐一些女人必备的黄金食物
467,1,燕麦八宝饭 最简单的减肥饭,燕麦八宝饭减肥吗
468,1,燕麦八宝饭 最简单的减肥饭,推荐一些减肥饭
469,1,每天一顿杂粮可以抗衰老,哪些杂粮可以抗衰老
470,1,每天一顿杂粮可以抗衰老,抗衰老的杂粮有哪些
471,1,自制萝卜减肥汤,怎么自制减肥汤
472,1,自制萝卜减肥汤,萝卜可以用来做减肥汤吗
473,1,玉米的养颜功效,哪些食物有养颜的功效
474,1,玉米的养颜功效,推荐一些养颜功效的食物
475,1,玉米的养颜功效,玉米有哪些功效
476,1,改善干燥 春季多吃胡萝卜,推荐一些改善干燥的食物
477,1,改善干燥 春季多吃胡萝卜,胡萝卜有哪些功效
478,1,4种祛斑食谱 轻松去褐斑,哪些食物可以轻松去褐斑
479,1,4种祛斑食谱 轻松去褐斑,去褐斑的食谱有哪些
480,1,哪些食物可以越吃越白,越吃越白的食物有哪些
481,1,哪些食物可以越吃越白,推荐一些可以美白的食物
482,1,控制饭量 保持体重,怎么保持体重
483,1,控制饭量 保持体重,推荐一些控制饭量又保持体重的方法
484,1,小脸美女5步搞定,怎么变成小脸美女
485,1,小脸美女5步搞定,哪些方法可以瘦脸
486,1,小脸美女5步搞定,推荐一些瘦脸的技巧
487,1,减肥人士吃鸡蛋不应该排斥蛋黄,吃鸡蛋不吃蛋黄对减肥有帮助没
488,1,减肥人士吃鸡蛋不应该排斥蛋黄,推荐一些鸡蛋的吃法
489,1,减肥应该吃什么 了解热量科学减肥,怎么热量科学减肥 应该吃什么
490,1,减肥应该吃什么 了解热量科学减肥,推荐一些热量科学减肥的食物
491,1,甜味剂会让人肥胖 你还在喝无糖饮料吗？,无糖饮料会让人肥胖吗
492,1,甜味剂会让人肥胖 你还在喝无糖饮料吗？,甜味剂有哪些危害
493,1,上班族运动减肥 别犯这4种错误,上班族运动减肥，要注意哪些
494,1,上班族运动减肥 别犯这4种错误,推荐上班族运动减肥的方法
495,1,上这5种肉最适合减肥的人吃,哪些肉适合减肥的人吃
496,1,上这5种肉最适合减肥的人吃,减肥的人适合吃哪些肉
497,1,上这5种肉最适合减肥的人吃,那几种肉适合减肥的人吃
498,1,这些食物是长肉的助手，减肥的敌人,哪些食物吃了长肉
499,1,这些食物是长肉的助手，减肥的敌人,减肥的人适合吃哪些食物
500,1,草莓沙拉可减肥 酸奶代替沙拉酱,减肥的人适合吃哪些食物
501,1,草莓沙拉可减肥 酸奶代替沙拉酱,适合减肥的沙拉有哪些
502,1,塑身养颜 喝点蔬菜汁,塑身要喝什么好
503,1,塑身养颜 喝点蔬菜汁,喝哪些蔬菜汁可以塑身
504,1,十种明星最信赖瘦身法,明星最信赖瘦身法有哪些
505,1,十种明星最信赖瘦身法,有哪些明星最信赖的瘦身法
506,1,十种明星最信赖瘦身法,明星最信赖瘦身法是什么
507,1,4种饮食法 专门瘦小腹,有哪些饮食法 专门瘦小腹
508,1,4种饮食法 专门瘦小腹,有哪几种饮食法 专门瘦小腹
509,1,4种饮食法 专门瘦小腹,有什么专门瘦小腹的饮食法
510,1,8条平民减肥经验,哪些是平民减肥经验
511,1,8条平民减肥经验,平民减肥经验有哪些
512,1,8条平民减肥经验,平民减肥有些什么经验
513,1,小事让皮肤变好,怎样让皮肤变好
514,1,小事让皮肤变好,让皮肤变好的办法是什么
515,1,小事让皮肤变好,怎样做可以让皮肤变好
516,1,小事让皮肤变好,皮肤怎样能变好
517,1,消灭肚腩的四个饮食方案,消灭肚腩有什么饮食方案
518,1,消灭肚腩的四个饮食方案,怎样吃能消灭肚腩
519,1,消灭肚腩的四个饮食方案,有什么饮食方案能够消灭肚腩
520,1,消灭肚腩的四个饮食方案,什么饮食方案可以消灭肚腩
521,1,便宜材料 强力美白,有什么便宜材料能强力美白
522,1,便宜材料 强力美白,便宜材料强力美白的方法
523,1,便宜材料 强力美白,强力美白可以选择什么便宜材料
524,1,蔡依林三个苗条魔咒,什么是蔡依林三个苗条魔咒
525,1,蔡依林三个苗条魔咒,蔡依林苗条魔咒是什么
526,1,蔡依林三个苗条魔咒,怎样做可以象蔡依林那样苗条
527,1,蔡依林三个苗条魔咒,蔡依林苗条秘诀是什么
528,1,美味芦笋15日完美瘦身,芦笋瘦身法是什么
529,1,美味芦笋15日完美瘦身,美味芦笋如何完美瘦身
530,1,美味芦笋15日完美瘦身,美味芦笋怎样完美瘦身
531,1,番茄瘦身法,番茄瘦身法是什么
532,1,番茄瘦身法,有哪些番茄瘦身法
533,1,番茄瘦身法,用番茄如何瘦身
534,1,明星好身材吃素吃出来,好身材吃素可以吃出来吗
535,1,明星好身材吃素吃出来,吃素可以吃出好身材来吗
536,1,主妇秘笈:减肥就要这样做饭,减肥要怎样做饭
537,1,主妇秘笈:减肥就要这样做饭,怎样做饭能减肥
538,1,主妇秘笈:减肥就要这样做饭,主妇秘笈:减肥餐如何做
539,1,8款美容面膜DIY,如何自制美容面膜
540,1,8款美容面膜DIY,怎样DIY美容面膜
541,1,5时段喝水才能真正瘦下来,哪些时段喝水能真正瘦下来
542,1,5时段喝水才能真正瘦下来,喝水能瘦下来吗
543,1,5时段喝水才能真正瘦下来,怎样喝水才能真正瘦下来
544,1,不同血型的减肥食谱,不同血型有什么减肥食谱
545,1,不同血型的减肥食谱,有哪些减肥食谱
546,1,饮食减肥大全,饮食减肥方法
547,1,饮食减肥大全,减肥的饮食方法
548,1,黑木耳的功效与作用及食用方法,黑木耳有什么功效
549,1,黑木耳的功效与作用及食用方法,黑木耳的功效有哪些
550,1,黑木耳的功效与作用及食用方法,黑木耳可以怎么样食用
551,1,黑木耳的功效与作用及食用方法,黑木耳的食用方法有哪些
552,1,黑木耳的功效与作用及食用方法,怎么样食用黑木耳才能使的的功效更好
553,1,黑木耳的功效与作用及食用方法,告诉我黑木耳的功效和食用方法
554,1,黑木耳的功效与作用及食用方法,我想知道黑木耳的功效和食用方法
555,1,黑木耳的功效与作用及食用方法,我想了解黑木耳的功效和食用方法
556,1,黑木耳的功效与作用及食用方法,能不能告诉我黑木耳的功效和食用方法
557,1,蘑菇的功效与作用及营养价值,蘑菇有什么功效
558,1,蘑菇的功效与作用及营养价值,蘑菇的功效有哪些
559,1,蘑菇的功效与作用及营养价值,蘑菇有什么作用
560,1,蘑菇的功效与作用及营养价值,蘑菇的作用有哪些
561,1,蘑菇的功效与作用及营养价值,蘑菇有什么营养价值
562,1,蘑菇的功效与作用及营养价值,蘑菇的营养价值有哪些
563,1,蘑菇的功效与作用及营养价值,蘑菇有什么营养价值和功效
564,1,吃菌子的坏处,吃菌子的坏处有哪些
565,1,吃菌子的坏处,吃菌子会有怎么样的坏处
566,1,乳酸菌的作用与功效,乳酸菌有什么作用
567,1,乳酸菌的作用与功效,乳酸菌的作用有哪些
568,1,乳酸菌的作用与功效,乳酸菌有什么功效
569,1,乳酸菌的作用与功效,乳酸菌的功效有哪些
570,1,乳酸菌的作用与功效,乳酸菌有怎样的作用和功效
571,1,乳酸菌的作用与功效,乳酸菌有哪些作用和功效
572,1,香菇：排毒抗癌，益气治风,香菇有什么功效
573,1,香菇：排毒抗癌，益气治风,食用香菇有什么好处
574,1,几种具有保健功效的菌类食物,具有保健功效的菌类食物有哪些
575,1,几种具有保健功效的菌类食物,推荐几种具有保健功效的菌类食物
576,1,几种具有保健功效的菌类食物,给我推荐几种具有保健功效的菌类食物
577,1,几种具有保健功效的菌类食物,哪些菌类食物具有保健的功效
578,1,吃菌类食物的科学方法,怎么样吃菌类食物才是更加科学的
579,1,吃菌类食物的科学方法,吃菌类食物要注意什么
580,1,哪种食用菌营养价值更高,食用菌营养价值最高的是哪种
581,1,每天吃点菌类食品，营养加分,每天吃菌类食物，有什么好处
582,1,每天吃点菌类食品，营养加分,每天食用菌类食物，能给营养加分吗
583,1,竹荪的营养价值,竹荪有怎样的营养价值
584,1,竹荪的营养价值,竹荪的营养价值有哪些
585,1,竹荪的营养价值,竹荪的营养价值怎么样
586,1,银耳的营养价值,银耳的有怎样的营养价值
587,1,银耳的营养价值,银耳的营养价值有哪些
588,1,银耳的营养价值,银耳的营养价值怎么样
589,1,黑木耳的功效与作用,黑木耳有怎么样的功效
590,1,黑木耳的功效与作用,黑木耳的功效有哪些
591,1,黑木耳的功效与作用,黑木耳有什么作用
592,1,黑木耳的功效与作用,黑木耳有怎样的功效和作用
593,1,黑木耳的功效与作用,黑木耳的功效和作用有哪些
594,1,金针菇的功效与作用,金针菇有怎么样的功效
595,1,金针菇的功效与作用,金针菇的功效有哪些
596,1,金针菇的功效与作用,金针菇有什么作用
597,1,金针菇的功效与作用,金针菇有怎样的功效和作用
598,1,金针菇的功效与作用,金针菇的功效和作用有哪些
599,1,小美牛肝菌的简介,什么是小美牛肝菌
600,1,小美牛肝菌的简介,小美牛肝菌是什么
601,1,小美牛肝菌的简介,小美牛肝菌能吃吗
602,1,点柄黏盖牛肝菌的简介,什么是点柄黏盖牛肝
603,1,点柄黏盖牛肝菌的简介,点柄黏盖牛肝是什么
604,1,点柄黏盖牛肝菌的简介,介绍一下点柄黏盖牛肝
605,1,鸡油菌的做法及功效,鸡油菌有怎么样的功效
606,1,鸡油菌的做法及功效,鸡油菌的功效有哪些
607,1,鸡油菌的做法及功效,鸡油菌要怎么做
608,1,鸡油菌的做法及功效,鸡油菌的制作方法有哪些
609,1,鸡油菌的做法及功效,怎样制作才能更好的提高鸡油菌的功效
610,1,铆钉菇的功效与作用,铆钉菇有什么作用
611,1,铆钉菇的功效与作用,铆钉菇的作用有哪些
612,1,铆钉菇的功效与作用,铆钉菇有什么功效
613,1,铆钉菇的功效与作用,铆钉菇的功效有哪些
614,1,铆钉菇的功效与作用,铆钉菇有怎样的作用和功效
615,1,铆钉菇的功效与作用,铆钉菇有哪些作用和功效
616,1,干巴菌的做法,干巴菌的做法有哪些
617,1,干巴菌的做法,怎么样制作干巴菌
618,1,羊肚菌的营养价值及做法,羊肚菌有怎么样的营养价值
619,1,羊肚菌的营养价值及做法,羊肚菌的营养价值有哪些
620,1,羊肚菌的营养价值及做法,羊肚菌要怎么做
621,1,羊肚菌的营养价值及做法,羊肚菌的制作方法有哪些
622,1,羊肚菌的营养价值及做法,怎样制作才能更好的提高羊肚菌的营养价值
623,1,竹荪的功效与作用,竹荪有什么作用
624,1,竹荪的功效与作用,竹荪的作用有哪些
625,1,竹荪的功效与作用,竹荪有什么功效
626,1,竹荪的功效与作用,竹荪的功效有哪些
627,1,竹荪的功效与作用,竹荪有怎样的作用和功效
628,1,竹荪的功效与作用,竹荪有哪些作用和功效
629,1,银耳的功效与作用,银耳有什么作用
630,1,银耳的功效与作用,银耳的作用有哪些
631,1,银耳的功效与作用,银耳有什么功效
632,1,银耳的功效与作用,银耳的功效有哪些
633,1,银耳的功效与作用,银耳有怎样的作用和功效
634,1,银耳的功效与作用,银耳有哪些作用和功效
635,1,双色牛肝菌简介,什么是双色牛肝菌
636,1,双色牛肝菌简介,双色牛肝菌是什么
637,1,双色牛肝菌简介,介绍一下双色牛肝菌
638,1,头状秃马勃的功效与作用,头状秃马勃有什么作用
639,1,头状秃马勃的功效与作用,头状秃马勃的作用有哪些
640,1,头状秃马勃的功效与作用,头状秃马勃有什么功效
641,1,头状秃马勃的功效与作用,头状秃马勃的功效有哪些
642,1,头状秃马勃的功效与作用,头状秃马勃有怎样的作用和功效
643,1,头状秃马勃的功效与作用,头状秃马勃有哪些作用和功效
644,1,松茸的功效及做法,松茸有怎么样的功效
645,1,松茸的功效及做法,松茸的功效有哪些
646,1,松茸的功效及做法,松茸要怎么做
647,1,松茸的功效及做法,松茸的制作方法有哪些
648,1,松茸的功效及做法,怎样制作才能更好的提高松茸的功效
649,1,青头菌的做法及功效,青头菌有怎么样的功效
650,1,青头菌的做法及功效,青头菌的功效有哪些
651,1,青头菌的做法及功效,青头菌要怎么做
652,1,青头菌的做法及功效,青头菌的制作方法有哪些
653,1,青头菌的做法及功效,怎样制作才能更好的提高青头菌的功效
654,1,鸡腿菇的做法及营养价值,鸡腿菇的营养价值怎么样
655,1,鸡腿菇的做法及营养价值,鸡腿菇的营养价值有哪些
656,1,鸡腿菇的做法及营养价值,鸡腿菇要怎么做
657,1,鸡腿菇的做法及营养价值,鸡腿菇的制作方法有哪些
658,1,鸡腿菇的做法及营养价值,怎样制作才能更好的提高鸡腿菇的营养价值
659,1,毛木耳-纺织和矿山工人很好的保健食品,纺织和矿山工人适合的菌类食物有哪些
660,1,毛木耳-纺织和矿山工人很好的保健食品,毛木耳有什么功效适合什么人群
661,1,毛木耳-纺织和矿山工人很好的保健食品,毛木耳可以做纺织和矿山工人的保健食品吗
662,1,鸡枞菌的营养价值及做法,鸡枞菌的营养价值怎么样
663,1,鸡枞菌的营养价值及做法,鸡枞菌的营养价值有哪些
664,1,鸡枞菌的营养价值及做法,鸡枞菌要怎么做
665,1,鸡枞菌的营养价值及做法,鸡枞菌的制作方法有哪些
666,1,鸡枞菌的营养价值及做法,怎样制作才能更好的提高鸡枞菌的营养价值
667,1,松露的产地来源,哪里的松露的最好的
668,1,松露的产地来源,松露的产地有哪些地方
669,1,松露是什么,什么是松露
670,1,松露是什么,介绍一下松露
671,1,平菇的做法及功效,平菇有怎么样的功效
672,1,平菇的做法及功效,平菇的功效有哪些
673,1,平菇的做法及功效,平菇要怎么做
674,1,平菇的做法及功效,平菇的制作方法有哪些
675,1,平菇的做法及功效,怎样制作才能更好的提高平菇的功效
676,1,平菇的营养成分及药用价值,平菇有哪些营养成分
677,1,平菇的营养成分及药用价值,平菇的营养成分有哪些
678,1,平菇的营养成分及药用价值,平菇有哪些药用价值
679,1,平菇的营养成分及药用价值,平菇的营养成分和药用价值有哪些
680,1,香菇的功效与作用,香菇有什么作用
681,1,香菇的功效与作用,香菇的作用有哪些
682,1,香菇的功效与作用,香菇有什么功效
683,1,香菇的功效与作用,香菇的功效有哪些
684,1,香菇的功效与作用,香菇有怎样的作用和功效
685,1,香菇的功效与作用,香菇有哪些作用和功效
686,1,草菇的营养价值及药性功效,草菇有哪些营养价值
687,1,草菇的营养价值及药性功效,草菇的营养价值有哪些
688,1,草菇的营养价值及药性功效,草菇有哪些药用功效
689,1,草菇的营养价值及药性功效,草菇的营养价值和药用功效有哪些
690,1,草菇的营养价值及药性功效,草菇包含哪些营养价值和药用功效
691,1,猴头菇的营养价值,猴头菇的营养价值怎么样
692,1,猴头菇的营养价值,猴头菇有怎么样的营养价值
693,1,平菇的功效与作用及购买指南,平菇有怎样的功效
694,1,平菇的功效与作用及购买指南,食用平菇有怎么的功效和作用
695,1,平菇的功效与作用及购买指南,购买平菇应该怎样挑选
696,1,平菇的功效与作用及购买指南,怎样的平菇才算好的平菇
697,1,香菇的营养价值及做法,香菇的营养价值怎么样
698,1,香菇的营养价值及做法,香菇的营养价值有哪些
699,1,香菇的营养价值及做法,香菇要怎么做
700,1,香菇的营养价值及做法,香菇的制作方法有哪些
701,1,香菇的营养价值及做法,怎样制作才能更好的提高香菇的营养价值
702,1,木耳的功效与作用及做法,木耳有什么作用
703,1,木耳的功效与作用及做法,木耳的作用有哪些
704,1,木耳的功效与作用及做法,木耳有什么功效
705,1,木耳的功效与作用及做法,木耳的功效有哪些
706,1,木耳的功效与作用及做法,木耳有怎样的作用和功效
707,1,木耳的功效与作用及做法,木耳有哪些作用和功效
708,1,木耳的功效与作用及做法,木耳可以怎么制作
709,1,木耳的功效与作用及做法,怎样制作木耳才能更好的保存功效和作用
710,1,牛肝菌的功效与作用及做法,牛肝菌有什么作用
711,1,牛肝菌的功效与作用及做法,牛肝菌的作用有哪些
712,1,牛肝菌的功效与作用及做法,牛肝菌有什么功效
713,1,牛肝菌的功效与作用及做法,牛肝菌的功效有哪些
714,1,牛肝菌的功效与作用及做法,牛肝菌有怎样的作用和功效
715,1,牛肝菌的功效与作用及做法,牛肝菌有哪些作用和功效
716,1,牛肝菌的功效与作用及做法,牛肝菌可以怎么制作
717,1,牛肝菌的功效与作用及做法,牛肝菌怎样制作才是更好的
718,1,牛肝菌的功效与作用及做法,怎样制作牛肝菌才能更好的保存功效和作用
719,1,羊肚菌的功效与作用,羊肚菌有什么作用
720,1,羊肚菌的功效与作用,羊肚菌的作用有哪些
721,1,羊肚菌的功效与作用,羊肚菌有什么功效
722,1,羊肚菌的功效与作用,羊肚菌的功效有哪些
723,1,羊肚菌的功效与作用,羊肚菌有怎样的作用和功效
724,1,羊肚菌的功效与作用,羊肚菌有哪些作用和功效
725,1,口蘑的功效与作用,口蘑有什么作用
726,1,口蘑的功效与作用,口蘑的作用有哪些
727,1,口蘑的功效与作用,口蘑有什么功效
728,1,口蘑的功效与作用,口蘑的功效有哪些
729,1,口蘑的功效与作用,口蘑有怎样的作用和功效
730,1,口蘑的功效与作用,口蘑有哪些作用和功效
731,1,牛肝菌的营养价值,牛肝菌的营养价值怎么样
732,1,牛肝菌的营养价值,介绍一下牛肝菌的营养价值
733,1,金针菇的营养价值,金针菇有怎么的营养价值
734,1,金针菇的营养价值,金针菇的营养价值怎么样
735,1,金针菇的营养价值,介绍下金针菇的营养价值
736,1,猴头菇的功效与作用,猴头菇有什么作用
737,1,猴头菇的功效与作用,猴头菇的作用有哪些
738,1,猴头菇的功效与作用,猴头菇有什么功效
739,1,猴头菇的功效与作用,猴头菇的功效有哪些
740,1,猴头菇的功效与作用,猴头菇有怎样的作用和功效
741,1,猴头菇的功效与作用,猴头菇有哪些作用和功效
742,1,地耳的功效与饮食宜忌,地耳有怎么的功效
743,1,地耳的功效与饮食宜忌,地耳的功效是什么
744,1,地耳的功效与饮食宜忌,介绍下地耳的功效
745,1,地耳的功效与饮食宜忌,地耳不可以和什么食物搭配
746,1,地耳的功效与饮食宜忌,地耳与其他食物搭配，要注意什么
747,1,平菇的营养价值及功效,平菇有什么营养价值
748,1,平菇的营养价值及功效,平菇的营养价值有哪些
749,1,平菇的营养价值及功效,平菇的营养价值怎么样
750,1,平菇的营养价值及功效,平菇有什么功效
751,1,平菇的营养价值及功效,平菇的功效有哪些
752,1,平菇的营养价值及功效,平菇有怎样的营养价值和功效
753,1,平菇的营养价值及功效,平菇有哪些营养价值和功效
754,1,红菇的营养价值及功效,红菇有什么营养价值
755,1,红菇的营养价值及功效,红菇的营养价值有哪些
756,1,红菇的营养价值及功效,红菇的营养价值怎么样
757,1,红菇的营养价值及功效,红菇有什么功效
758,1,红菇的营养价值及功效,红菇的功效有哪些
759,1,红菇的营养价值及功效,红菇有怎样的营养价值和功效
760,1,红菇的营养价值及功效,红菇有哪些营养价值和功效
761,1,牛肝菌的营养价值及食用功效,牛肝菌的营养价值怎么样
762,1,牛肝菌的营养价值及食用功效,牛肝菌有怎么样的营养价值
763,1,牛肝菌的营养价值及食用功效,牛肝菌的食用功效怎么样
764,1,牛肝菌的营养价值及食用功效,食用牛肝菌有怎样的功效
765,1,香菇健康饮食百科,推荐一些包含香菇的菜谱
766,1,香菇健康饮食百科,怎样食用香菇制作健康的饮食食谱
767,1,香菇健康饮食百科,香菇能制作健康的饮食食谱吗
768,1,草菇的功效与作用及食用宜忌,草菇有怎么的功效
769,1,草菇的功效与作用及食用宜忌,草菇的功效是什么
770,1,草菇的功效与作用及食用宜忌,介绍下草菇的功效
771,1,草菇的功效与作用及食用宜忌,草菇有什么作用
772,1,草菇的功效与作用及食用宜忌,草菇的作用有哪些
773,1,草菇的功效与作用及食用宜忌,草菇不可以和什么食物搭配
774,1,草菇的功效与作用及食用宜忌,草菇与其他食物搭配，要注意什么
775,1,草菇的功效与作用及食用宜忌,草菇与什么食物搭配，才能更好的发挥草菇的功效和作用
776,1,竹荪的营养价值及食疗偏方,竹荪的营养价值有哪些
777,1,竹荪的营养价值及食疗偏方,竹荪有哪些营养价值
778,1,竹荪的营养价值及食疗偏方,竹荪可以制作什么样的食疗偏方
779,1,竹荪的营养价值及食疗偏方,哪些食疗偏方包含有竹荪
780,1,银耳饮食宜忌百科,什么样的人不能吃银耳
781,1,银耳饮食宜忌百科,银耳适合怎样的人使用
782,1,银耳饮食宜忌百科,吃银耳应该注意什么
783,1,银耳饮食宜忌百科,银耳不能与什么食物搭配
784,1,银耳饮食宜忌百科,银耳与什么食物搭配才能更好的发挥银耳的功效
785,1,黑木耳饮食宜忌百科,什么样的人不能吃黑木耳
786,1,黑木耳饮食宜忌百科,黑木耳适合怎样的人食用
787,1,黑木耳饮食宜忌百科,吃黑木耳应该注意什么
788,1,黑木耳饮食宜忌百科,黑木耳不能与什么食物搭配
789,1,黑木耳饮食宜忌百科,黑木耳与什么食物搭配才能更好的发挥黑木耳的功效
790,0,一不留神就发胖：走路吃东西易发胖,晚餐吃太多留神身体越来越垮
791,0,一不留神就发胖：走路吃东西易发胖,孕期进补需留神
792,0,一不留神就发胖：走路吃东西易发胖,拒绝身材走样饮食需要留神
793,0,一不留神就发胖：走路吃东西易发胖,一些饮食误区需留神
794,0,一不留神就发胖：走路吃东西易发胖,孕期进补需样样留神
795,0,一不留神就发胖：走路吃东西易发胖,留神！这些不甜的高糖食物
796,0,一不留神就发胖：走路吃东西易发胖,孕妇进补，样样需留神!
797,0,一不留神就发胖：走路吃东西易发胖,留神！十种“致命”家常菜
798,0,一不留神就发胖：走路吃东西易发胖,留神！吃着不甜的高糖食物
799,0,一不留神就发胖：走路吃东西易发胖,需要留神的12个饮食误区
800,0,黑木耳瘦身食谱简单DIY,黑木耳禁忌有哪些
801,0,黑木耳瘦身食谱简单DIY,黑木耳的营养
802,0,黑木耳瘦身食谱简单DIY,哪些女星被爆黑木耳
803,0,黑木耳瘦身食谱简单DIY,东北黑木耳有哪些功效
804,0,黑木耳瘦身食谱简单DIY,什么是黑木耳
805,0,黑木耳瘦身食谱简单DIY,黑木耳沾什么好吃
806,0,黑木耳瘦身食谱简单DIY,黑木耳的特点
807,0,改善皮肤暗黄不做“黄脸婆”,产后这样吃远离黄脸婆
808,0,改善皮肤暗黄不做“黄脸婆”,拒绝黄脸婆女人要补肾
809,0,改善皮肤暗黄不做“黄脸婆”,5大美白方告别黄脸婆
810,0,改善皮肤暗黄不做“黄脸婆”,8招养足气血不当黄脸婆
811,0,改善皮肤暗黄不做“黄脸婆”,调理脾胃不做黄脸婆
812,0,改善皮肤暗黄不做“黄脸婆”,拒绝黄脸婆6款食疗可调理
813,0,改善皮肤暗黄不做“黄脸婆”,养好脾胃不做黄脸婆
814,0,吃出来的俏丽容颜 4道药膳来美容,乳腺炎食疗药膳
815,0,吃出来的俏丽容颜 4道药膳来美容,不孕药膳方
816,0,吃出来的俏丽容颜 4道药膳来美容,药膳食谱配方有哪些功效
817,0,吃出来的俏丽容颜 4道药膳来美容,民间药膳方法有哪些？
818,0,吃出来的俏丽容颜 4道药膳来美容,养胃的药膳有哪些？
819,0,吃出来的俏丽容颜 4道药膳来美容,中医食疗药膳有哪些
820,0,吃出来的俏丽容颜 4道药膳来美容,延年益寿的药膳有哪些？
821,0,吃出来的俏丽容颜 4道药膳来美容,胃溃疡药膳有哪些？
822,0,吃出来的俏丽容颜 4道药膳来美容,美容药膳
823,0,吃出来的俏丽容颜 4道药膳来美容,安神的药膳有哪些？
824,0,4款膳食让你罩杯疯长,别为了一时的嘴瘾而让肿瘤疯长
825,0,4款膳食让你罩杯疯长,让肌肉“疯长”，男人必须知道的几种食物
826,0,4款膳食让你罩杯疯长,警惕三种食物让肿瘤疯长
827,0,九个方法帮你快速去掉黑眼圈,日常饮品帮你预防疾病
828,0,九个方法帮你快速去掉黑眼圈,天然蔬菜可以帮你养生
829,0,九个方法帮你快速去掉黑眼圈,7食物帮你调节内分泌
830,0,九个方法帮你快速去掉黑眼圈,消化不良这些茶能帮你
831,0,九个方法帮你快速去掉黑眼圈,水果帮你解决便秘烦恼
832,0,九个方法帮你快速去掉黑眼圈,食物帮你除臭
833,0,九个方法帮你快速去掉黑眼圈,美食帮你减肥
834,0,九个方法帮你快速去掉黑眼圈,这些食物帮你保护肝脏
835,0,九个方法帮你快速去掉黑眼圈,不同颜色食物帮你减肥
836,0,九个方法帮你快速去掉黑眼圈,帮你挑选减压食品
837,0,竹荪的营养价值及食疗偏方,竹荪是什么
838,0,竹荪的营养价值及食疗偏方,竹荪的作用
839,0,竹荪的营养价值及食疗偏方,竹荪哪些部位能吃
840,0,竹荪的营养价值及食疗偏方,竹荪种植技术
841,0,竹荪的营养价值及食疗偏方,竹荪究竟是什么
842,0,竹荪的营养价值及食疗偏方,竹荪的做法
843,0,竹荪的营养价值及食疗偏方,竹荪是什么？
844,0,调理肠胃 赶走便秘的4种食物,便秘吃什么粗粮好
845,0,调理肠胃 赶走便秘的4种食物,治便秘食谱有哪些
846,0,调理肠胃 赶走便秘的4种食物,便秘用什么药
847,0,调理肠胃 赶走便秘的4种食物,便秘做什么运动
848,0,调理肠胃 赶走便秘的4种食物,哺乳期便秘吃什么
849,0,调理肠胃 赶走便秘的4种食物,吃哪些食物容易便秘呢
850,0,调理肠胃 赶走便秘的4种食物,产后便秘的危害有哪些
851,0,调理肠胃 赶走便秘的4种食物,治疗便秘的食物有哪些
852,0,调理肠胃 赶走便秘的4种食物,哪些水果治便秘最好
853,0,瓜果蔬菜护肤 全球春季正当红,瓜果皮里的大营养
854,0,瓜果蔬菜护肤 全球春季正当红,3大常见瓜果
855,0,瓜果蔬菜护肤 全球春季正当红,多吃绿色瓜果少患近视眼
856,0,瓜果蔬菜护肤 全球春季正当红,各类瓜果分别有什么养生功效！
857,0,瓜果蔬菜护肤 全球春季正当红,夏季常吃十二种瓜果防百病
858,0,瓜果蔬菜护肤 全球春季正当红,夏季最解暑的几种瓜果
859,0,瓜果蔬菜护肤 全球春季正当红,五谷丰登瓜果飘香什么意思
860,0,瓜果蔬菜护肤 全球春季正当红,瓜果巧嫩肤
861,0,喝可乐可以越喝越瘦 不是骗人的,所谓健康常识也是骗人谎言
862,0,晚上怎么吃水果帮助减肥？,减肥日程
863,0,晚上怎么吃水果帮助减肥？,减肥食品
864,0,晚上怎么吃水果帮助减肥？,减肥餐
865,0,晚上怎么吃水果帮助减肥？,减肥减肥减肥减肥
866,0,晚上怎么吃水果帮助减肥？,减肥食谱
867,0,晚上怎么吃水果帮助减肥？,减肥蔬菜
868,0,晚上怎么吃水果帮助减肥？,减肥计划
869,0,晚上怎么吃水果帮助减肥？,减肥方法
870,0,晚上怎么吃水果帮助减肥？,减肥蔬菜什么蔬菜减肥
871,0,小小食盐功效多 美白祛痘好帮手,柠檬水是女性清肠好帮手
872,0,小小食盐功效多 美白祛痘好帮手,酶，美容的好帮手
873,0,小小食盐功效多 美白祛痘好帮手,促进钙质吸收好帮手
874,0,小小食盐功效多 美白祛痘好帮手,电脑族六种茶疗帮手
875,0,小小食盐功效多 美白祛痘好帮手,五大水果护发好帮手
876,0,小小食盐功效多 美白祛痘好帮手,这些蔬菜是度夏帮手
877,0,小小食盐功效多 美白祛痘好帮手,柠檬水是清肠好帮手
878,0,小小食盐功效多 美白祛痘好帮手,这些食物都是养肝好帮手
879,0,小小食盐功效多 美白祛痘好帮手,3类食物妈妈断奶好帮手
880,0,小小食盐功效多 美白祛痘好帮手,哪些食物是排毒好帮手?这几种不可或缺！
881,0,美容养颜 教你“喝”掉斑点,减肥养颜食谱有哪些？
882,0,美容养颜 教你“喝”掉斑点,养颜美容水果有哪些呢
883,0,美容养颜 教你“喝”掉斑点,瘦身养颜的煲汤有哪些
884,0,美容养颜 教你“喝”掉斑点,日常养颜茶有哪些
885,0,美容养颜 教你“喝”掉斑点,有哪些常见美容养颜羹汤
886,0,美容养颜 教你“喝”掉斑点,养颜花草茶配方有哪些
887,0,美容养颜 教你“喝”掉斑点,排毒养颜的水果有哪些
888,0,美容养颜 教你“喝”掉斑点,美容养颜茶有哪些
889,0,美容养颜 教你“喝”掉斑点,女性养颜食品有哪些呢
890,0,美容养颜 教你“喝”掉斑点,养颜补血茶有哪些
891,0,4种方法教会你喝柠檬水减肥,减肥日程
892,0,4种方法教会你喝柠檬水减肥,减肥食品
893,0,4种方法教会你喝柠檬水减肥,减肥餐
894,0,4种方法教会你喝柠檬水减肥,减肥减肥减肥减肥
895,0,4种方法教会你喝柠檬水减肥,减肥食谱
896,0,4种方法教会你喝柠檬水减肥,减肥蔬菜
897,0,4种方法教会你喝柠檬水减肥,减肥计划
898,0,4种方法教会你喝柠檬水减肥,减肥方法
899,0,4种方法教会你喝柠檬水减肥,减肥蔬菜什么蔬菜减肥
900,0,脸上有斑点怎么办？常吃3食物能祛斑,祛斑吃什么食物调理
901,0,脸上有斑点怎么办？常吃3食物能祛斑,有哪些食物可以祛斑
902,0,脸上有斑点怎么办？常吃3食物能祛斑,祛斑的食物
903,0,脸上有斑点怎么办？常吃3食物能祛斑,祛斑有哪几种有效的方法
904,0,脸上有斑点怎么办？常吃3食物能祛斑,柠檬水可以祛斑美容
905,0,脸上有斑点怎么办？常吃3食物能祛斑,吃什么水果祛斑？
906,0,脸上有斑点怎么办？常吃3食物能祛斑,祛斑的食物有哪些M
907,0,脸上有斑点怎么办？常吃3食物能祛斑,吃什么食物可以祛斑
908,0,效果相差甚远的果蔬DIY敷面,牛奶敷面一周让皮肤娇嫩
909,0,效果相差甚远的果蔬DIY敷面,牛奶敷面，一周皮肤娇嫩
910,0,塑身养颜 喝点蔬菜汁,各种蔬菜汁、水果汁的做法？越详细越好。谢谢啦
911,0,塑身养颜 喝点蔬菜汁,自制果汁或蔬菜汁的食谱
912,0,塑身养颜 喝点蔬菜汁,春季保健多喝五种蔬菜汁
913,0,塑身养颜 喝点蔬菜汁,用蔬菜汁和面做包子的好处
914,0,塑身养颜 喝点蔬菜汁,排毒养颜蔬菜汁，排名前三出来了！
915,0,塑身养颜 喝点蔬菜汁,五道塑身养颜蔬菜汁
916,0,塑身养颜 喝点蔬菜汁,"自制果汁或者蔬菜汁,有什么好的搭配吗,谢谢"
917,0,塑身养颜 喝点蔬菜汁,九个月的宝宝都可以喝什么蔬菜汁
918,0,香菇的营养价值及做法,香菇肉酱哪款好
919,0,香菇的营养价值及做法,香菇面筋的做法有哪些
920,0,香菇的营养价值及做法,香菇的种植需要哪些条件
921,1,香菇的营养价值及做法,香菇的营养
922,0,香菇的营养价值及做法,香菇什么样的好
923,0,香菇的营养价值及做法,香菇用什么水泡
924,0,香菇的营养价值及做法,香菇大米粥有哪些营养
925,0,香菇的营养价值及做法,香菇的食用方法有哪些
926,0,香菇的营养价值及做法,香菇种类
927,0,香菇的营养价值及做法,榆黄菇和香菇哪个种植比较好
928,0,红血丝怎么修复 红血丝应该怎么办,脸上长红血丝原因，4种方法可根治
929,0,红血丝怎么修复 红血丝应该怎么办,眼白里的红血丝大揭秘
930,0,红血丝怎么修复 红血丝应该怎么办,吃什么可以改善红血丝多吃这四类食物
931,0,咖啡加盐 去苦味助减肥,柠檬水加盐喝的好处
932,0,咖啡加盐 去苦味助减肥,咖啡加盐可以壮阳吗
933,0,吃甜食7个技巧 让你不发胖,哪些蔬果吃了更容易发胖
934,0,吃甜食7个技巧 让你不发胖,看你吃什么不发胖
935,0,吃甜食7个技巧 让你不发胖,特色色拉不发胖
936,0,吃甜食7个技巧 让你不发胖,吃什么食物容易发胖？
937,0,吃甜食7个技巧 让你不发胖,吃饼干不发胖
938,0,吃甜食7个技巧 让你不发胖,哪些蔬果吃了会发胖
939,0,吃甜食7个技巧 让你不发胖,吃哪些食物比较容易发胖？
940,0,吃甜食7个技巧 让你不发胖,哪些食物吃了不发胖呢
941,0,吃甜食7个技巧 让你不发胖,发胖的食物有哪些呢
942,0,吃甜食7个技巧 让你不发胖,吃哪些东西不会发胖呢
943,0,美容祛斑 4种食物帮你轻松解决,日常饮品帮你预防疾病
944,0,美容祛斑 4种食物帮你轻松解决,天然蔬菜可以帮你养生
945,0,美容祛斑 4种食物帮你轻松解决,7食物帮你调节内分泌
946,0,美容祛斑 4种食物帮你轻松解决,消化不良这些茶能帮你
947,0,美容祛斑 4种食物帮你轻松解决,水果帮你解决便秘烦恼
948,0,美容祛斑 4种食物帮你轻松解决,食物帮你除臭
949,0,美容祛斑 4种食物帮你轻松解决,美食帮你减肥
950,0,美容祛斑 4种食物帮你轻松解决,这些食物帮你保护肝脏
951,0,美容祛斑 4种食物帮你轻松解决,不同颜色食物帮你减肥
952,0,美容祛斑 4种食物帮你轻松解决,帮你挑选减压食品
953,0,想减肥？米饭应该这么吃,米饭的起源
954,0,想减肥？米饭应该这么吃,米饭得作用
955,0,想减肥？米饭应该这么吃,排骨米饭广告语
956,0,想减肥？米饭应该这么吃,五色花米饭作文
957,0,想减肥？米饭应该这么吃,秘制排骨米饭
958,0,想减肥？米饭应该这么吃,黄焖鸡米饭有哪些品牌
959,0,想减肥？米饭应该这么吃,京九排骨米饭
960,0,想减肥？米饭应该这么吃,米饭团做法有哪些
961,0,核桃松仁粟米羹美容又健胸,核桃松仁粟米羹的做法是什么？
962,0,美味芦笋15日完美瘦身,芦笋的几种食用方法
963,0,美味芦笋15日完美瘦身,芦笋的做法有哪些？
964,0,美味芦笋15日完美瘦身,芦笋制作的食品有哪些
965,0,美味芦笋15日完美瘦身,紫芦笋的做法有哪些
966,0,美味芦笋15日完美瘦身,白色芦笋的做法有哪些
967,0,美味芦笋15日完美瘦身,芦笋干的做法有哪些
968,0,美味芦笋15日完美瘦身,绿芦笋的几种做法
969,0,美味芦笋15日完美瘦身,芦笋的家庭做法有哪些
970,0,美味芦笋15日完美瘦身,芦笋还有什么名字
971,0,十种明星最信赖瘦身法,减肥瘦身水果有哪些
972,0,十种明星最信赖瘦身法,减肥瘦身果有哪些功效
973,0,十种明星最信赖瘦身法,鸡蛋瘦身减肥
974,0,十种明星最信赖瘦身法,瘦身减肥食谱有哪些
975,0,十种明星最信赖瘦身法,果蔬汁减肥瘦身有哪些？
976,0,十种明星最信赖瘦身法,果蔬汁减肥瘦身饮有哪些
977,0,金针菇的营养价值,软炸金针菇
978,0,金针菇的营养价值,金针菇的吃法
979,0,金针菇的营养价值,金针菇炒什么好吃
980,0,金针菇的营养价值,金针菇的烹饪方法有哪些
981,0,金针菇的营养价值,金针菇做法有哪些
982,0,金针菇的营养价值,酸辣金针菇
983,0,金针菇的营养价值,金针菇药用价值有哪些
984,0,金针菇的营养价值,金针菇的做法
985,1,金针菇的营养价值,金针菇的营养
986,0,清肠素食 肠道变得更年轻,6种食物清洁肠道
987,0,清肠素食 肠道变得更年轻,吃什么食物对肠道好呢
988,0,清肠素食 肠道变得更年轻,五种方法疏通肠道
989,0,清肠素食 肠道变得更年轻,消毒水果保卫肠道健康
990,0,清肠素食 肠道变得更年轻,吃什么可以加速肠道蠕动
991,0,清肠素食 肠道变得更年轻,肠道最喜欢的食物
992,0,清肠素食 肠道变得更年轻,吃什么可以促进肠道蠕动呢
993,0,清肠素食 肠道变得更年轻,饮食与肠道健康
994,0,清肠素食 肠道变得更年轻,吃什么水果可以清肠道
995,0,清肠素食 肠道变得更年轻,清肠道的食物有哪些？
996,0,原来茶叶水能这样用来美容！,果汁美容
997,0,原来茶叶水能这样用来美容！,美容水果有哪些呢
998,0,原来茶叶水能这样用来美容！,美容养胃粥都有哪些
999,0,原来茶叶水能这样用来美容！,什么水果美容减肥
1000,0,原来茶叶水能这样用来美容！,吃什么美容美白呢
1001,0,原来茶叶水能这样用来美容！,养生美容茶有哪些
1002,0,原来茶叶水能这样用来美容！,有哪些常见美容养颜羹汤
1003,0,原来茶叶水能这样用来美容！,美容药膳
1004,0,原来茶叶水能这样用来美容！,对症美容
1005,0,吃水果减肥 两大误区一定认清,儿童饮食误区多
1006,0,吃水果减肥 两大误区一定认清,走出饮食误区
1007,0,吃水果减肥 两大误区一定认清,点菜八大误区
1008,0,吃水果减肥 两大误区一定认清,补血食品到底有哪些，走出六误区
1009,0,吃水果减肥 两大误区一定认清,我们养生的误区有哪些？
1010,0,吃水果减肥 两大误区一定认清,饮食营养十误区
1011,0,吃水果减肥 两大误区一定认清,饮食习惯新误区
1012,0,吃水果减肥 两大误区一定认清,孩子的饮食误区
1013,0,吃水果减肥 两大误区一定认清,女性养生补血的常见误区有哪些？
1014,0,减肥2神器 香蕉和酸奶,酸奶自制方法有哪些
1015,0,减肥2神器 香蕉和酸奶,酸奶乳酸菌
1016,0,减肥2神器 香蕉和酸奶,喝酸奶的好处有哪些
1017,0,减肥2神器 香蕉和酸奶,老酸奶和牛轧糖哪个好
1018,0,减肥2神器 香蕉和酸奶,酸奶沙拉的做法有哪些
1019,0,减肥2神器 香蕉和酸奶,制作酸奶的材料有哪些
1020,0,减肥2神器 香蕉和酸奶,认识酸奶
1021,0,减肥2神器 香蕉和酸奶,酸奶有哪些吃法？
1022,0,减肥2神器 香蕉和酸奶,酸奶减肥食谱有哪些
1023,0,推荐四款蔬菜汁美容去斑点,蔬菜汁可以做什么面食
1024,0,推荐四款蔬菜汁美容去斑点,喝蔬菜汁的好处
1025,0,推荐四款蔬菜汁美容去斑点,减肥蔬菜汁的做法
1026,0,推荐四款蔬菜汁美容去斑点,蔬菜汁食谱
1027,0,推荐四款蔬菜汁美容去斑点,西瓜汁洗脸
1028,0,推荐四款蔬菜汁美容去斑点,哪些蔬菜汁容易减肥呢？
1029,0,推荐四款蔬菜汁美容去斑点,柠檬浓缩汁
1030,0,推荐四款蔬菜汁美容去斑点,常喝蔬菜汁有益健康
1031,0,推荐四款蔬菜汁美容去斑点,鲜榨蔬菜汁搭配介绍
1032,0,推荐四款蔬菜汁美容去斑点,减肥蔬菜汁行吗。
1033,0,春季护肤怎么做 补充维C能保湿,什么食物维C含量很高呢?
1034,0,春季护肤怎么做 补充维C能保湿,哪种蔬菜含维C最高？
1035,0,春季护肤怎么做 补充维C能保湿,吃什么水果补充维C呢？
1036,0,春季护肤怎么做 补充维C能保湿,维C多的水果有哪些
1037,0,春季护肤怎么做 补充维C能保湿,哪种水果维C含量最高？
1038,0,春季护肤怎么做 补充维C能保湿,维C含量高的蔬菜有哪些？
1039,0,春季护肤怎么做 补充维C能保湿,意想不到的维C高手
1040,0,春季护肤怎么做 补充维C能保湿,哪些水果含有维C多？
1041,0,春季护肤怎么做 补充维C能保湿,不宜与维C同吃的食物
1042,0,这些穴位经常按摩可以减肥,足疗按哪个穴位治高血压?
1043,0,这些穴位经常按摩可以减肥,不断打嗝按按这些穴位
1044,0,这些穴位经常按摩可以减肥,手上有个穴位帮助通便
1045,0,这些穴位经常按摩可以减肥,肩周炎的按摩穴位
1046,0,这些穴位经常按摩可以减肥,饭前按摩2穴位有效抑制食欲
1047,0,这些穴位经常按摩可以减肥,胃疼时按这个穴位能缓解
1048,0,这些穴位经常按摩可以减肥,5大黄金穴位长按抗衰老
1049,0,这些穴位经常按摩可以减肥,常按4个穴位养肾护肾
1050,0,这些穴位经常按摩可以减肥,阳痿早泄按摩哪些穴位
1051,0,这些穴位经常按摩可以减肥,三个穴位能解秋乏
1052,0,5个错误坐姿最易导致肥胖,捍卫健康坐姿开始预防
1053,0,5个错误坐姿最易导致肥胖,OL必知的三个坐姿“潜规则”
1054,0,每天坚持吃蔬果 轻松瘦身,减肥瘦身水果有哪些
1055,0,每天坚持吃蔬果 轻松瘦身,减肥瘦身果有哪些功效
1056,0,每天坚持吃蔬果 轻松瘦身,鸡蛋瘦身减肥
1057,0,每天坚持吃蔬果 轻松瘦身,瘦身减肥食谱有哪些
1058,0,每天坚持吃蔬果 轻松瘦身,果蔬汁减肥瘦身有哪些？
1059,0,每天坚持吃蔬果 轻松瘦身,果蔬汁减肥瘦身饮有哪些
1060,0,5个妙招 轻松解决皮肤出油,饮食减肥妙招
1061,0,5个妙招 轻松解决皮肤出油,预防冬季发胖有妙招
1062,0,5个妙招 轻松解决皮肤出油,生活小妙招
1063,0,5个妙招 轻松解决皮肤出油,老人呵护眼睛妙招
1064,0,5个妙招 轻松解决皮肤出油,鱼肉烹饪小妙招
1065,0,5个妙招 轻松解决皮肤出油,辅食制作妙招
1066,0,5个妙招 轻松解决皮肤出油,饮食解压有妙招
1067,0,5个妙招 轻松解决皮肤出油,消除口臭有妙招
1068,0,倾听咀嚼声可以减少食物摄入量,蛋白粉的摄入量
1069,0,倾听咀嚼声可以减少食物摄入量,要想蔬菜的好处摄入量很重要
1070,0,倾听咀嚼声可以减少食物摄入量,吃粗粮要讲究方法控制摄入量
1071,0,倾听咀嚼声可以减少食物摄入量,反式脂肪摄入量必须限制
1072,0,6种方法 选出优质胶原蛋白食物,芦荟胶的功效是什么？
1073,0,6种方法 选出优质胶原蛋白食物,自制芦荟胶的方法
1074,0,6种方法 选出优质胶原蛋白食物,芦荟胶的好处与坏处是什么
1075,0,6种方法 选出优质胶原蛋白食物,吃胶原蛋白有什么好处呢
1076,0,6种方法 选出优质胶原蛋白食物,哪些食物可以补充胶原蛋白呢?
1077,0,6种方法 选出优质胶原蛋白食物,银耳出胶的秘籍
1078,0,6种方法 选出优质胶原蛋白食物,花胶汤可以冲啊胶?
1079,0,6种方法 选出优质胶原蛋白食物,龟板胶功效与作用是什么
1080,0,6种方法 选出优质胶原蛋白食物,猪肉胶可以做的菜式
1081,0,6种方法 选出优质胶原蛋白食物,鱼鳔胶是什么呢
1082,0,祛斑滋补汤 帮你祛除老年斑,祛斑吃什么食物调理
1083,0,祛斑滋补汤 帮你祛除老年斑,有哪些食物可以祛斑
1084,0,祛斑滋补汤 帮你祛除老年斑,祛斑的食物
1085,0,祛斑滋补汤 帮你祛除老年斑,祛斑有哪几种有效的方法
1086,0,祛斑滋补汤 帮你祛除老年斑,柠檬水可以祛斑美容
1087,0,祛斑滋补汤 帮你祛除老年斑,吃什么水果祛斑？
1088,0,祛斑滋补汤 帮你祛除老年斑,祛斑的食物有哪些M
1089,0,祛斑滋补汤 帮你祛除老年斑,吃什么食物可以祛斑
1090,0,八种补血菜 养出好气色,13款饮品喝出好气色
1091,0,八种补血菜 养出好气色,改善气色的几道食物
1092,0,八种补血菜 养出好气色,吃出来的经期好气色
1093,0,八种补血菜 养出好气色,让你气色越来越好的食物
1094,0,八种补血菜 养出好气色,脸上皮肤很粗糙没有气色
1095,0,八种补血菜 养出好气色,好方法让女人拥有好气色
1096,0,八种补血菜 养出好气色,食疗调理找回好气色
1097,0,八种补血菜 养出好气色,教你喝酒喝出好气色
1098,0,八种补血菜 养出好气色,认真烹饪气色才好
1099,0,使用护发素要看发质 用错易长头皮屑,易长皱纹的N类食物
1100,0,使用护发素要看发质 用错易长头皮屑,警惕！这样吃最易长肚腩
1101,0,使用护发素要看发质 用错易长头皮屑,女人易长斑不可大意
1102,0,使用护发素要看发质 用错易长头皮屑,这些食物一吃就易长皱纹！
1103,0,使用护发素要看发质 用错易长头皮屑,女性不正确洗脸方式更易长皱纹
1104,0,使用护发素要看发质 用错易长头皮屑,解析新生儿易长的六种胎记
1105,0,6款食物让你秀出小蛮腰,中医减肥秀出你的身材
1106,0,喝茶能够祛斑？要怎样喝呢？,祛斑吃什么食物调理
1107,0,喝茶能够祛斑？要怎样喝呢？,有哪些食物可以祛斑
1108,0,喝茶能够祛斑？要怎样喝呢？,祛斑的食物
1109,0,喝茶能够祛斑？要怎样喝呢？,祛斑有哪几种有效的方法
1110,0,喝茶能够祛斑？要怎样喝呢？,柠檬水可以祛斑美容
1111,0,喝茶能够祛斑？要怎样喝呢？,吃什么水果祛斑？
1112,0,喝茶能够祛斑？要怎样喝呢？,祛斑的食物有哪些M
1113,0,喝茶能够祛斑？要怎样喝呢？,吃什么食物可以祛斑
1114,0,这些食物只吃不胖！减肥族请保存,减肥日程
1115,0,这些食物只吃不胖！减肥族请保存,减肥食品
1116,0,这些食物只吃不胖！减肥族请保存,减肥餐
1117,0,这些食物只吃不胖！减肥族请保存,减肥减肥减肥减肥
1118,0,这些食物只吃不胖！减肥族请保存,减肥食谱
1119,0,这些食物只吃不胖！减肥族请保存,减肥蔬菜
1120,0,这些食物只吃不胖！减肥族请保存,减肥计划
1121,0,这些食物只吃不胖！减肥族请保存,减肥方法
1122,0,这些食物只吃不胖！减肥族请保存,减肥蔬菜什么蔬菜减肥
1123,0,皮肤保养的饮食宜忌 让你的皮肤吹弹可破,脂肪肝的饮食宜忌
1124,0,皮肤保养的饮食宜忌 让你的皮肤吹弹可破,食物宜忌47个实用小常识
1125,0,皮肤保养的饮食宜忌 让你的皮肤吹弹可破,建议：运动前后的饮食宜忌
1126,0,皮肤保养的饮食宜忌 让你的皮肤吹弹可破,饮用水其实也有宜忌小百科
1127,0,皮肤保养的饮食宜忌 让你的皮肤吹弹可破,咳嗽宜忌原则
1128,0,皮肤保养的饮食宜忌 让你的皮肤吹弹可破,学龄前儿童食物宜忌
1129,0,皮肤保养的饮食宜忌 让你的皮肤吹弹可破,3种咳嗽的饮食宜忌
1130,0,皮肤保养的饮食宜忌 让你的皮肤吹弹可破,老年人饮食宜忌有哪些
1131,0,皮肤保养的饮食宜忌 让你的皮肤吹弹可破,感冒期间的饮食宜忌
1132,0,皮肤保养的饮食宜忌 让你的皮肤吹弹可破,食物的宜忌原则
1133,0,要是减肥 喝水都能瘦,宝宝喝水有学问
1134,0,要是减肥 喝水都能瘦,喝水的好处
1135,0,要是减肥 喝水都能瘦,喝水能减肥喝水的3大好处
1136,0,要是减肥 喝水都能瘦,喝水的最佳时间
1137,0,要是减肥 喝水都能瘦,每天多喝水的好处有哪些
1138,0,要是减肥 喝水都能瘦,喝水的时间介绍
1139,0,要是减肥 喝水都能瘦,喝水的学问
1140,0,要是减肥 喝水都能瘦,婴儿喝水的好处有哪些
1141,0,要是减肥 喝水都能瘦,喝水会胖吗
1142,0,要是减肥 喝水都能瘦,喝水过多的坏处有哪些
1143,0,6种常见水果让你瘦成瓜子脸,瘦成闪电的减肥食谱
1144,0,6种常见水果让你瘦成瓜子脸,改变1个饮食习惯让你瘦成一道闪电
1145,0,6种常见水果让你瘦成瓜子脸,五款美食让你瘦成竹竿腿！
1146,0,上班族减掉赘肉的小妙招,饮食减肥妙招
1147,0,上班族减掉赘肉的小妙招,预防冬季发胖有妙招
1148,0,上班族减掉赘肉的小妙招,生活小妙招
1149,0,上班族减掉赘肉的小妙招,老人呵护眼睛妙招
1150,0,上班族减掉赘肉的小妙招,鱼肉烹饪小妙招
1151,0,上班族减掉赘肉的小妙招,辅食制作妙招
1152,0,上班族减掉赘肉的小妙招,饮食解压有妙招
1153,0,上班族减掉赘肉的小妙招,消除口臭有妙招
1154,0,4种祛斑食谱 轻松去褐斑,4种祛斑食谱轻松去褐斑
1155,0,甜味剂会让人肥胖 你还在喝无糖饮料吗？,人工甜味剂的危害
1156,0,甜味剂会让人肥胖 你还在喝无糖饮料吗？,教你分辨甜味剂
1157,0,甜味剂会让人肥胖 你还在喝无糖饮料吗？,甜味剂的危害有哪些
1158,0,瘦身又美白的食物 你吃了没？,白的基本释义
1159,0,瘦身又美白的食物 你吃了没？,排毒美白的食物有哪些？
1160,0,哪种食用菌营养价值更高,食用菌黑木耳的功效
1161,0,哪种食用菌营养价值更高,食用菌几月份长和鸡枞
1162,0,哪种食用菌营养价值更高,食用菌草菇的营养价值
1163,0,哪种食用菌营养价值更高,食用菌平菇的营养价值
1164,0,秋季食物美白偏方,求乌发偏方.
1165,0,秋季食物美白偏方,增强免疫力偏方
1166,0,秋季食物美白偏方,鼻炎偏方=
1167,0,秋季食物美白偏方,食物美白偏方
1168,0,秋季食物美白偏方,能治疗高血压的偏方有哪些
1169,0,教你8个怎么吃都不胖的妙招,教凉菜做法是什么？
1170,0,教你8个怎么吃都不胖的妙招,处理器天梯图，教您笔记本电脑处理器哪种好
1171,0,教你8个怎么吃都不胖的妙招,教宝宝学习咀嚼有哪些步骤
1172,0,教你8个怎么吃都不胖的妙招,哪教卤肉技术味道最正宗
1173,0,教你8个怎么吃都不胖的妙招,教我几种做菜方法
1174,0,教你8个怎么吃都不胖的妙招,教你几种盖饭的作法
1175,0,教你8个怎么吃都不胖的妙招,教我做几种好吃的、菜馅饼吧！
1176,0,女人每月“那几天”吃什么最健康养颜,减肥养颜食谱有哪些？
1177,0,女人每月“那几天”吃什么最健康养颜,养颜美容水果有哪些呢
1178,0,女人每月“那几天”吃什么最健康养颜,瘦身养颜的煲汤有哪些
1179,0,女人每月“那几天”吃什么最健康养颜,日常养颜茶有哪些
1180,0,女人每月“那几天”吃什么最健康养颜,有哪些常见美容养颜羹汤
1181,0,女人每月“那几天”吃什么最健康养颜,养颜花草茶配方有哪些
1182,0,女人每月“那几天”吃什么最健康养颜,排毒养颜的水果有哪些
1183,0,女人每月“那几天”吃什么最健康养颜,美容养颜茶有哪些
1184,0,女人每月“那几天”吃什么最健康养颜,女性养颜食品有哪些呢
1185,0,女人每月“那几天”吃什么最健康养颜,养颜补血茶有哪些
1186,0,这样吃粗粮 不用运动也能变瘦,10个胖子能变瘦的饮食法则
1187,0,这样吃粗粮 不用运动也能变瘦,聪明吃早餐聪明变瘦
1188,0,这样吃粗粮 不用运动也能变瘦,吃吃喝喝反而变瘦的食物
1189,0,这样吃粗粮 不用运动也能变瘦,这样吃粗粮不用运动也能变瘦
1190,0,这样吃粗粮 不用运动也能变瘦,一日三餐这么吃能变瘦
1191,0,这样吃粗粮 不用运动也能变瘦,让你变瘦的九种食物
1192,0,这样吃粗粮 不用运动也能变瘦,让双腿变瘦的10样绝好食物
1193,0,这样吃粗粮 不用运动也能变瘦,变瘦瘦十一种蔬菜帮助你
1194,0,这样吃粗粮 不用运动也能变瘦,全身都变瘦简单奏效的顶级食物
1195,0,这样吃粗粮 不用运动也能变瘦,从食物里寻找变瘦的能源
1196,0,喝汤可以增加饱腹感,12种食物具有超强饱腹感！
1197,0,喝汤可以增加饱腹感,10种饱腹感超强的减肥食物
1198,0,喝汤可以增加饱腹感,哪些食物容易产生饱腹感
1199,0,喝汤可以增加饱腹感,增加饱腹感的食物有哪些
1200,0,喝汤可以增加饱腹感,减肥不挨饿10种水果饱腹感超强
1201,0,喝汤可以增加饱腹感,增加饱腹感的食物，有助减肥！
1202,0,喝汤可以增加饱腹感,魔芋粉减肥？饱腹感极强！
1203,0,喝汤可以增加饱腹感,十一大饱腹感强的食物
1204,0,喝汤可以增加饱腹感,减肥别吃太软烂可以增加饱腹感
1205,0,喝汤可以增加饱腹感,饱腹感十足八大水果
1206,0,5种食物容易伤害皮肤 远离！,孕妇应远离垃圾食品
1207,0,5种食物容易伤害皮肤 远离！,远离快餐综合症
1208,0,5种食物容易伤害皮肤 远离！,长痘痘远离这些食物
1209,0,5种食物容易伤害皮肤 远离！,巧饮食远离节后综合症
1210,0,5种食物容易伤害皮肤 远离！,让你远离便秘的几种食物！
1211,0,5种食物容易伤害皮肤 远离！,让宝宝远离慢性胃炎
1212,0,5种食物容易伤害皮肤 远离！,远离癌细胞远离6种食物
1213,0,5种食物容易伤害皮肤 远离！,吃哪些水果可以远离辐射呢？
1214,0,5种食物容易伤害皮肤 远离！,这几种食物让你远离皱纹
1215,0,5种食物容易伤害皮肤 远离！,一辈子需要远离的零食，就是这几种
1216,0,自制美容养生粥 方便美味又健康,养生粥有哪些？
1217,0,自制美容养生粥 方便美味又健康,养生粥都有哪些？
1218,0,自制美容养生粥 方便美味又健康,哪个品牌养生粥好
1219,0,自制美容养生粥 方便美味又健康,补血养生粥
1220,0,自制美容养生粥 方便美味又健康,养生粥有哪些
1221,0,自制美容养生粥 方便美味又健康,美容养生粥
1222,0,自制美容养生粥 方便美味又健康,食疗养生粥
1223,0,自制美容养生粥 方便美味又健康,养生粥大全
1224,0,6种食物让你越吃越黑,黑咖啡是什么
1225,0,6种食物让你越吃越黑,绿叶蔬菜不会“越吃越黑”
1226,0,6种食物让你越吃越黑,饼干越硬越健康
1227,0,6种食物让你越吃越黑,番茄越红越营养
1228,0,6种食物让你越吃越黑,常吃这些食物让你越吃越黑！
1229,0,6种食物让你越吃越黑,10种黑色食物越黑越有营养
1230,0,核桃新吃法 让你的头发又黑又亮,椰蓉吃法
1231,0,核桃新吃法 让你的头发又黑又亮,明太鱼吃法
1232,0,核桃新吃法 让你的头发又黑又亮,有哪些泡面吃法？
1233,0,核桃新吃法 让你的头发又黑又亮,万年青吃法
1234,0,核桃新吃法 让你的头发又黑又亮,蜂蜡有哪些吃法
1235,0,核桃新吃法 让你的头发又黑又亮,海带吃法
1236,0,核桃新吃法 让你的头发又黑又亮,鱼生的吃法有哪些
1237,0,核桃新吃法 让你的头发又黑又亮,烧肝吃法
1238,0,核桃新吃法 让你的头发又黑又亮,刺槐吃法
1239,0,核桃新吃法 让你的头发又黑又亮,早餐健康吃法有哪些
1240,0,16种果蔬让女性更美丽,降血脂果蔬有哪些？
1241,0,16种果蔬让女性更美丽,果蔬的营养和功效有哪些
1242,0,16种果蔬让女性更美丽,哪些果蔬皮一定不能扔
1243,0,16种果蔬让女性更美丽,哪些果蔬能瘦身？
1244,0,16种果蔬让女性更美丽,果蔬干的营养不等于果蔬
1245,0,16种果蔬让女性更美丽,果蔬可能残留哪些农药
1246,0,16种果蔬让女性更美丽,哪些果蔬能瘦身
1247,0,16种果蔬让女性更美丽,最脏果蔬排行榜
1248,0,16种果蔬让女性更美丽,果蔬拼盘
1249,0,16种果蔬让女性更美丽,果蔬营养面哪家好？
1250,0,女性脱发不可怕 这6个方法能帮到你,这些“营养食物”太可怕
1251,0,女性脱发不可怕 这6个方法能帮到你,“干燥综合症”太可怕了不看你会后悔的！
1252,0,女性脱发不可怕 这6个方法能帮到你,天天吃豆腐会发生啥可怕的事
1253,0,女性脱发不可怕 这6个方法能帮到你,太可怕！吃得不对脑内长虫
1254,0,女性脱发不可怕 这6个方法能帮到你,跷二郎腿时身体发生可怕变化
1255,0,女性脱发不可怕 这6个方法能帮到你,跷二郎腿究竟有多可怕
1256,0,女性脱发不可怕 这6个方法能帮到你,抑郁症太可怕多吃这些可预防
1257,0,6种食物 让你“吃”出好身材,六类食物塑造完美身材
1258,0,6种食物 让你“吃”出好身材,恢复正常身材的饮食原则
1259,0,6种食物 让你“吃”出好身材,全世界最健康保持身材餐
1260,0,6种食物 让你“吃”出好身材,哪些食物有益于保持身材
1261,0,6种食物 让你“吃”出好身材,最健康保持身材餐
1262,0,6种食物 让你“吃”出好身材,魔鬼身材十招
1263,0,6种食物 让你“吃”出好身材,根据身材选择最适食物
1264,0,6种食物 让你“吃”出好身材,多吃豆腐的女人身材好
1265,0,6种食物 让你“吃”出好身材,产后恢复身材的食谱有哪些
1266,0,6种食物 让你“吃”出好身材,饮食运动健康秀身材
1267,0,平菇的营养成分及药用价值,平菇是发物么
1268,0,平菇的营养成分及药用价值,平菇的介绍
1269,0,平菇的营养成分及药用价值,平菇和什么相克
1270,0,平菇的营养成分及药用价值,平菇需要焯水吗
1271,0,平菇的营养成分及药用价值,平菇的做法
1272,0,平菇的营养成分及药用价值,平菇培养基
1273,0,平菇的营养成分及药用价值,平菇是什么？
1274,0,平菇的营养成分及药用价值,蚝油焖平菇
1275,0,平菇的营养成分及药用价值,平菇鸡蛋汤
1276,0,蜂蜜生姜水防老年斑,老年斑吃什么效果最好？
1277,0,蜂蜜生姜水防老年斑,防止老年斑的食物
1278,0,蜂蜜生姜水防老年斑,预防老年斑吃什么食物好？
1279,0,蜂蜜生姜水防老年斑,老年斑饮食方法
1280,0,蜂蜜生姜水防老年斑,淡化老年斑，6种食物最有效
1281,0,蜂蜜生姜水防老年斑,吃什么可以预防老年斑形成？
1282,0,蜂蜜生姜水防老年斑,吃什么可褪掉老年斑
1283,0,蜂蜜生姜水防老年斑,吃什么预防老年斑？
1284,0,蜂蜜生姜水防老年斑,这些食物竟可以祛除老年斑！
1285,0,蜂蜜生姜水防老年斑,多吃菇可以少长老年斑
1286,0,3天果汁排毒减肥法,哪种家常菜可以排毒？
1287,0,3天果汁排毒减肥法,排毒的食物有哪些
1288,0,3天果汁排毒减肥法,排毒效果
1289,0,3天果汁排毒减肥法,什么食品排毒
1290,0,3天果汁排毒减肥法,吃什么排毒
1291,0,3天果汁排毒减肥法,什么是排毒
1292,0,3天果汁排毒减肥法,什么果汁排毒
1293,0,六种可以让你急速减肥的蔬菜,减肥日程
1294,0,六种可以让你急速减肥的蔬菜,减肥食品
1295,0,六种可以让你急速减肥的蔬菜,减肥餐
1296,0,六种可以让你急速减肥的蔬菜,减肥减肥减肥减肥
1297,0,六种可以让你急速减肥的蔬菜,减肥食谱
1298,0,六种可以让你急速减肥的蔬菜,减肥蔬菜
1299,0,六种可以让你急速减肥的蔬菜,减肥计划
1300,0,六种可以让你急速减肥的蔬菜,减肥方法
1301,0,六种可以让你急速减肥的蔬菜,减肥蔬菜什么蔬菜减肥
1302,0,小美牛肝菌的简介,什么牛肝菌最好
1303,0,小美牛肝菌的简介,牛肝菌那个品种最好
1304,0,小美牛肝菌的简介,牛肝菌的作用
1305,0,小美牛肝菌的简介,牛肝菌的栽培技术
1306,0,小美牛肝菌的简介,牛肝菌是什么
1307,0,小美牛肝菌的简介,美味牛肝菌
1308,0,小美牛肝菌的简介,牛肝菌的做法
1309,0,小美牛肝菌的简介,鲜牛肝菌的做法
1310,0,小美牛肝菌的简介,牛肝菌是什么呢
1311,0,竹荪的功效与作用,竹荪是什么
1312,1,竹荪的功效与作用,竹荪的作用
1313,0,竹荪的功效与作用,竹荪哪些部位能吃
1314,0,竹荪的功效与作用,竹荪种植技术
1315,0,竹荪的功效与作用,竹荪究竟是什么
1316,0,竹荪的功效与作用,竹荪的做法
1317,0,竹荪的功效与作用,竹荪是什么？
1318,0,春季要减肥 先学挑食物,减肥日程
1319,0,春季要减肥 先学挑食物,减肥食品
1320,0,春季要减肥 先学挑食物,减肥餐
1321,0,春季要减肥 先学挑食物,减肥减肥减肥减肥
1322,0,春季要减肥 先学挑食物,减肥食谱
1323,0,春季要减肥 先学挑食物,减肥蔬菜
1324,0,春季要减肥 先学挑食物,减肥计划
1325,0,春季要减肥 先学挑食物,减肥方法
1326,0,春季要减肥 先学挑食物,减肥蔬菜什么蔬菜减肥
1327,0,松露是什么,松露的营养价值
1328,0,松露是什么,有关松露的食用方法
1329,0,松露是什么,松露巧克力做法
1330,0,松露是什么,松露的营养有哪些
1331,0,松露是什么,白松露的吃法
1332,0,松露是什么,松露价格
1333,0,妙用5种食物 轻松改善粗糙肌肤,什么牌子紧致肌肤的好
1334,0,妙用5种食物 轻松改善粗糙肌肤,细腻肌肤吃出来
1335,0,妙用5种食物 轻松改善粗糙肌肤,紧致肌肤的护肤品
1336,0,妙用5种食物 轻松改善粗糙肌肤,紧致肌肤吃什么中药
1337,0,妙用5种食物 轻松改善粗糙肌肤,增加肌肤弹性食物
1338,0,妙用5种食物 轻松改善粗糙肌肤,美白肌肤吃什么呢
1339,0,妙用5种食物 轻松改善粗糙肌肤,紧致肌肤的方法
1340,0,妙用5种食物 轻松改善粗糙肌肤,紧致肌肤用什么方法最好
1341,0,妙用5种食物 轻松改善粗糙肌肤,肌肤的紧致肌肤
1342,0,妙用5种食物 轻松改善粗糙肌肤,敏感肌肤自制面膜
1343,0,鸡油菌的做法及功效,鸡油菌能降血压吗
1344,0,鸡油菌的做法及功效,鸡油菌能降血糖吗
1345,1,鸡油菌的做法及功效,鸡油菌的功效与作用
1346,1,鸡油菌的做法及功效,鸡油菌的主要功效
1347,1,鸡油菌的做法及功效,鸡油菌做法是什么？
1348,0,鸡油菌的做法及功效,鸡油菌是什么
1349,1,鸡油菌的做法及功效,鸡油菌的做法
1350,1,鸡油菌的做法及功效,鸡油菌的功效
1351,0,饭前喝点水就能瘦？,吃什么能够迅速瘦下半身？
1352,0,饭前喝点水就能瘦？,偏瘦吃什么比较好？
1353,0,饭前喝点水就能瘦？,什么食物可以瘦腿的啊？
1354,0,饭前喝点水就能瘦？,一瘦再瘦的零食清单
1355,0,饭前喝点水就能瘦？,吃什么可以瘦臀部
1356,0,饭前喝点水就能瘦？,吃什么瘦大腿效果好？
1357,0,饭前喝点水就能瘦？,太瘦的人应该吃什么比较好？
1358,0,饭前喝点水就能瘦？,瘦腿计划
1359,0,饭前喝点水就能瘦？,吃什么瘦腿效果好？
1360,0,饭前喝点水就能瘦？,吃什么能瘦胸呢？
1361,0,想要美白 这些食物要少吃,减肥要少吃什么呢
1362,0,想要美白 这些食物要少吃,白细胞少吃什么食物好
1363,0,想要美白 这些食物要少吃,这几种食物要少吃，健康的杀手！
1364,0,想要美白 这些食物要少吃,月经少吃什么食物好？
1365,0,想要美白 这些食物要少吃,贫血饮食上应少吃什么
1366,0,想要美白 这些食物要少吃,孕期应少吃甜食
1367,0,想要美白 这些食物要少吃,胃酸少吃什么食物比较好
1368,0,想要美白 这些食物要少吃,这些零食儿童少吃
1369,0,想要美白 这些食物要少吃,防止皮肤变黑应少吃什么
1370,0,想要美白 这些食物要少吃,蕨根粉含致癌物应少吃
1371,0,牛肝菌的营养价值及食用功效,什么牛肝菌最好
1372,0,牛肝菌的营养价值及食用功效,牛肝菌那个品种最好
1373,0,牛肝菌的营养价值及食用功效,牛肝菌的作用
1374,0,牛肝菌的营养价值及食用功效,牛肝菌的栽培技术
1375,0,牛肝菌的营养价值及食用功效,牛肝菌是什么
1376,0,牛肝菌的营养价值及食用功效,美味牛肝菌
1377,0,牛肝菌的营养价值及食用功效,牛肝菌的做法
1378,0,牛肝菌的营养价值及食用功效,鲜牛肝菌的做法
1379,0,牛肝菌的营养价值及食用功效,牛肝菌是什么呢
1380,0,明星好身材吃素吃出来,女性应该多吃素
1381,0,明星好身材吃素吃出来,这样吃素才健康
1382,0,明星好身材吃素吃出来,哪些人不能吃素
1383,0,明星好身材吃素吃出来,经常吃素的危害
1384,0,明星好身材吃素吃出来,吃素容易抑郁
1385,0,明星好身材吃素吃出来,长期吃素的危害有哪些？
1386,0,明星好身材吃素吃出来,吃素食的好处
1387,0,明星好身材吃素吃出来,女性长期吃素衰老快
1388,0,明星好身材吃素吃出来,吃素的好处
1389,0,减肥的人注意：4种吃法扰乱新陈代谢,椰蓉吃法
1390,0,减肥的人注意：4种吃法扰乱新陈代谢,明太鱼吃法
1391,0,减肥的人注意：4种吃法扰乱新陈代谢,有哪些泡面吃法？
1392,0,减肥的人注意：4种吃法扰乱新陈代谢,万年青吃法
1393,0,减肥的人注意：4种吃法扰乱新陈代谢,蜂蜡有哪些吃法
1394,0,减肥的人注意：4种吃法扰乱新陈代谢,海带吃法
1395,0,减肥的人注意：4种吃法扰乱新陈代谢,鱼生的吃法有哪些
1396,0,减肥的人注意：4种吃法扰乱新陈代谢,烧肝吃法
1397,0,减肥的人注意：4种吃法扰乱新陈代谢,刺槐吃法
1398,0,减肥的人注意：4种吃法扰乱新陈代谢,早餐健康吃法有哪些
1399,0,8条平民减肥经验,减肥日程
1400,0,8条平民减肥经验,减肥食品
1401,0,8条平民减肥经验,减肥餐
1402,0,8条平民减肥经验,减肥减肥减肥减肥
1403,0,8条平民减肥经验,减肥食谱
1404,0,8条平民减肥经验,减肥蔬菜
1405,0,8条平民减肥经验,减肥计划
1406,0,8条平民减肥经验,减肥方法
1407,0,8条平民减肥经验,减肥蔬菜什么蔬菜减肥
1408,0,黑木耳的功效与作用及食用方法,黑木耳禁忌有哪些
1409,0,黑木耳的功效与作用及食用方法,黑木耳的营养
1410,0,黑木耳的功效与作用及食用方法,哪些女星被爆黑木耳
1411,1,黑木耳的功效与作用及食用方法,东北黑木耳有哪些功效
1412,0,黑木耳的功效与作用及食用方法,什么是黑木耳
1413,0,黑木耳的功效与作用及食用方法,黑木耳沾什么好吃
1414,0,黑木耳的功效与作用及食用方法,黑木耳的特点
1415,0,9种吃了不用去美容院的食物,去美容院祛痘有用嘛。
1416,0,9种吃了不用去美容院的食物,美容院减肥类仪器有哪些
1417,0,9种吃了不用去美容院的食物,美容院用什么方法减肥，急急急
1418,0,9种吃了不用去美容院的食物,还去美容院？一种食物就搞定了
1419,0,枸杞桂圆汤 加上3种料美容更营养,桂圆的作用
1420,0,枸杞桂圆汤 加上3种料美容更营养,桂圆水的功效
1421,0,枸杞桂圆汤 加上3种料美容更营养,桂圆的功效
1422,0,枸杞桂圆汤 加上3种料美容更营养,干桂圆食用方法
1423,0,枸杞桂圆汤 加上3种料美容更营养,什么样的桂圆好
1424,0,枸杞桂圆汤 加上3种料美容更营养,桂圆的适用人群
1425,0,枸杞桂圆汤 加上3种料美容更营养,桂圆六疗法
1426,0,枸杞桂圆汤 加上3种料美容更营养,桂圆的副作用
1427,0,枸杞桂圆汤 加上3种料美容更营养,桂圆的营养价值
1428,0,枸杞桂圆汤 加上3种料美容更营养,桂圆枸杞茶
1429,0,减肥不吃早餐的五大危害,减肥日程
1430,0,减肥不吃早餐的五大危害,减肥食品
1431,0,减肥不吃早餐的五大危害,减肥餐
1432,0,减肥不吃早餐的五大危害,减肥减肥减肥减肥
1433,0,减肥不吃早餐的五大危害,减肥食谱
1434,0,减肥不吃早餐的五大危害,减肥蔬菜
1435,0,减肥不吃早餐的五大危害,减肥计划
1436,0,减肥不吃早餐的五大危害,减肥方法
1437,0,减肥不吃早餐的五大危害,减肥蔬菜什么蔬菜减肥
1438,0,8款美容面膜DIY,滋润面膜：清香草莓面膜
1439,0,8款美容面膜DIY,美白面膜：小黄瓜面膜
1440,0,8款美容面膜DIY,美白面膜：珍珠粉面膜
1441,0,8款美容面膜DIY,滋润面膜：马铃薯润滑面膜
1442,0,8款美容面膜DIY,美白面膜：菊花面膜
1443,0,8款美容面膜DIY,美白面膜：苹果面膜
1444,0,8款美容面膜DIY,抗皱面膜：黄瓜面膜
1445,0,8款美容面膜DIY,清洁面膜：清爽苦瓜面膜
1446,0,8款美容面膜DIY,清洁面膜：黄瓜柠檬面膜
1447,0,8款美容面膜DIY,美白面膜：优酪乳面膜
1448,0,猴头菇的营养价值,猴头菇价格
1449,0,猴头菇的营养价值,干猴头菇的做法
1450,0,猴头菇的营养价值,猴头菇的家常做法
1451,0,猴头菇的营养价值,猴头菇作用
1452,0,猴头菇的营养价值,猴头菇的禁忌
1453,0,饭前吃蔬菜有助减肥,减肥日程
1454,0,饭前吃蔬菜有助减肥,减肥食品
1455,0,饭前吃蔬菜有助减肥,减肥餐
1456,0,饭前吃蔬菜有助减肥,减肥减肥减肥减肥
1457,0,饭前吃蔬菜有助减肥,减肥食谱
1458,0,饭前吃蔬菜有助减肥,减肥蔬菜
1459,0,饭前吃蔬菜有助减肥,减肥计划
1460,0,饭前吃蔬菜有助减肥,减肥方法
1461,0,饭前吃蔬菜有助减肥,减肥蔬菜什么蔬菜减肥
1462,0,春季瘦身 草莓可以帮你减肥,日常饮品帮你预防疾病
1463,0,春季瘦身 草莓可以帮你减肥,天然蔬菜可以帮你养生
1464,0,春季瘦身 草莓可以帮你减肥,7食物帮你调节内分泌
1465,0,春季瘦身 草莓可以帮你减肥,消化不良这些茶能帮你
1466,0,春季瘦身 草莓可以帮你减肥,水果帮你解决便秘烦恼
1467,0,春季瘦身 草莓可以帮你减肥,食物帮你除臭
1468,0,春季瘦身 草莓可以帮你减肥,美食帮你减肥
1469,0,春季瘦身 草莓可以帮你减肥,这些食物帮你保护肝脏
1470,0,春季瘦身 草莓可以帮你减肥,不同颜色食物帮你减肥
1471,0,春季瘦身 草莓可以帮你减肥,帮你挑选减压食品
1472,0,加速衰老的6种行为,哪些食物是延缓衰老的
1473,0,加速衰老的6种行为,抗衰老菜谱有哪些？
1474,0,加速衰老的6种行为,哪种水洗脸抗衰老
1475,0,加速衰老的6种行为,抗衰老的水果有哪些？
1476,0,加速衰老的6种行为,加速衰老的哪些饮食因素
1477,0,加速衰老的6种行为,抗衰老哪种果汁更有效
1478,0,加速衰老的6种行为,衰老的原因有哪些延缓衰老的方法
1479,0,加速衰老的6种行为,延缓衰老的措施有哪些
1480,0,加速衰老的6种行为,哪些食物可以抗衰老
1481,0,加速衰老的6种行为,最抗衰老的水果有哪些
1482,0,燕麦八宝饭 最简单的减肥饭,鱼形八宝饭的做法是什么呢？
1483,0,燕麦八宝饭 最简单的减肥饭,喜宴用的八宝饭的做法？
1484,0,燕麦八宝饭 最简单的减肥饭,做香甜八宝饭的技巧
1485,0,燕麦八宝饭 最简单的减肥饭,罐头八宝饭包括什么
1486,0,燕麦八宝饭 最简单的减肥饭,八宝饭的做法大全是什么
1487,0,燕麦八宝饭 最简单的减肥饭,八宝饭常见食材的营养
1488,0,燕麦八宝饭 最简单的减肥饭,八宝饭的材料有哪些？
1489,0,燕麦八宝饭 最简单的减肥饭,八宝饭简单又好吃的做法？
1490,0,燕麦八宝饭 最简单的减肥饭,八宝饭制作
1491,0,燕麦八宝饭 最简单的减肥饭,八宝饭广告词
1492,0,女人吃枣，红颜不老,吃枣有什么好处
1493,0,女人吃枣，红颜不老,产妇吃枣的做法
1494,0,女人吃枣，红颜不老,吃枣的注意事项
1495,0,女人吃枣，红颜不老,女性吃枣养生的小细节
1496,0,女人吃枣，红颜不老,哺乳期吃枣的做法
1497,0,女人吃枣，红颜不老,吃枣五大禁忌
1498,0,女人吃枣，红颜不老,吃枣会不会发胖
1499,0,女人吃枣，红颜不老,宝宝吃枣的做法
1500,0,女人吃枣，红颜不老,有哪些人不能吃枣
1501,0,女人吃枣，红颜不老,四类人吃枣要谨慎
1502,0,7大抗皱水果 助你破解肌肤的皱语,三十条美容去皱妙招
1503,0,7大抗皱水果 助你破解肌肤的皱语,食物去皱大揭秘
1504,0,7大抗皱水果 助你破解肌肤的皱语,错误除皱小心令皱纹加深
1505,0,7大抗皱水果 助你破解肌肤的皱语,五食谱改造粗糙多皱皮肤
1506,0,7大抗皱水果 助你破解肌肤的皱语,紧致抗皱什么牌子好？
1507,0,7大抗皱水果 助你破解肌肤的皱语,轻松去皱家庭小偏方
1508,0,7大抗皱水果 助你破解肌肤的皱语,抗皱和去皱有什么区别吗
1509,0,7大抗皱水果 助你破解肌肤的皱语,吃什么可以美白抗皱呢
1510,0,7大抗皱水果 助你破解肌肤的皱语,4种超有效去皱食物
1511,0,7大抗皱水果 助你破解肌肤的皱语,去皱紧致皮肤用什么化妆品？
1512,0,吃菌子的坏处,咖啡的坏处
1513,0,吃菌子的坏处,吃饼干的坏处
1514,0,吃菌子的坏处,减肥有哪些坏处？
1515,0,吃菌子的坏处,桃子的坏处是什么
1516,0,吃菌子的坏处,吃笋有什么坏处
1517,0,吃菌子的坏处,吃米线的坏处
1518,0,吃菌子的坏处,近视有什么坏处
1519,0,吃菌子的坏处,喝蜂蜜水的坏处
1520,0,吃菌子的坏处,吃素的坏处
1521,0,吃水果来减肥的2个误区,儿童饮食误区多
1522,0,吃水果来减肥的2个误区,走出饮食误区
1523,0,吃水果来减肥的2个误区,点菜八大误区
1524,0,吃水果来减肥的2个误区,补血食品到底有哪些，走出六误区
1525,0,吃水果来减肥的2个误区,我们养生的误区有哪些？
1526,0,吃水果来减肥的2个误区,饮食营养十误区
1527,0,吃水果来减肥的2个误区,饮食习惯新误区
1528,0,吃水果来减肥的2个误区,孩子的饮食误区
1529,0,吃水果来减肥的2个误区,女性养生补血的常见误区有哪些？
1530,0,竹荪的营养价值,竹荪是什么
1531,1,竹荪的营养价值,竹荪的作用
1532,0,竹荪的营养价值,竹荪哪些部位能吃
1533,0,竹荪的营养价值,竹荪种植技术
1534,0,竹荪的营养价值,竹荪究竟是什么
1535,0,竹荪的营养价值,竹荪的做法
1536,0,竹荪的营养价值,竹荪是什么？
1537,0,蔡依林三个苗条魔咒,这么吃苗条不长肉
1538,0,蔡依林三个苗条魔咒,控制食欲锁定苗条完美身型
1539,0,蔡依林三个苗条魔咒,六招苗条吃法
1540,0,蔡依林三个苗条魔咒,这些美食新妈妈越吃越苗条
1541,0,蔡依林三个苗条魔咒,苗条女性的奥秘
1542,0,蔡依林三个苗条魔咒,苗条身材是因为吃的杂？
1543,0,蔡依林三个苗条魔咒,苗条身材的“绝密档案”
1544,0,蔡依林三个苗条魔咒,八款蔬菜越吃越苗条
1545,0,蔡依林三个苗条魔咒,5个小窍门苗条吃出来
1546,0,蔡依林三个苗条魔咒,十大原则拥有苗条身材
1547,0,黑木耳饮食宜忌百科,脂肪肝的饮食宜忌
1548,0,黑木耳饮食宜忌百科,食物宜忌47个实用小常识
1549,0,黑木耳饮食宜忌百科,建议：运动前后的饮食宜忌
1550,0,黑木耳饮食宜忌百科,饮用水其实也有宜忌小百科
1551,0,黑木耳饮食宜忌百科,咳嗽宜忌原则
1552,0,黑木耳饮食宜忌百科,学龄前儿童食物宜忌
1553,0,黑木耳饮食宜忌百科,3种咳嗽的饮食宜忌
1554,0,黑木耳饮食宜忌百科,老年人饮食宜忌有哪些
1555,0,黑木耳饮食宜忌百科,感冒期间的饮食宜忌
1556,0,黑木耳饮食宜忌百科,食物的宜忌原则
1557,0,番茄瘦身法,减肥瘦身水果有哪些
1558,0,番茄瘦身法,减肥瘦身果有哪些功效
1559,0,番茄瘦身法,鸡蛋瘦身减肥
1560,0,番茄瘦身法,瘦身减肥食谱有哪些
1561,0,番茄瘦身法,果蔬汁减肥瘦身有哪些？
1562,0,番茄瘦身法,果蔬汁减肥瘦身饮有哪些
1563,0,零负担减肥食物 享瘦又健康,选对方法享“瘦”一冬
1564,0,零负担减肥食物 享瘦又健康,享“瘦”冰淇淋适度最重要
1565,0,零负担减肥食物 享瘦又健康,10种食物排毒消脂加倍享瘦
1566,0,零负担减肥食物 享瘦又健康,九种食物助你整夜享美梦
1567,0,教你小妙招 消除牙垢原来可以这么做,吃四种食物快速去除牙垢！
1568,0,教你小妙招 消除牙垢原来可以这么做,食物快速去除牙垢
1569,0,教你小妙招 消除牙垢原来可以这么做,教你小妙招消除牙垢原来可以这么做
1570,0,减肥人士吃鸡蛋不应该排斥蛋黄,蛋黄的作用有哪些
1571,0,减肥人士吃鸡蛋不应该排斥蛋黄,蛋黄小饼干做法是什么
1572,0,减肥人士吃鸡蛋不应该排斥蛋黄,蛋黄的功效有哪些
1573,0,减肥人士吃鸡蛋不应该排斥蛋黄,蛋黄片的做法有哪些
1574,0,减肥人士吃鸡蛋不应该排斥蛋黄,蛋黄的成份
1575,0,减肥人士吃鸡蛋不应该排斥蛋黄,婴儿蛋黄的做法有哪些?
1576,0,减肥人士吃鸡蛋不应该排斥蛋黄,蛋黄的营养都有哪些呢
1577,0,减肥人士吃鸡蛋不应该排斥蛋黄,蛋黄的几种做法
1578,0,减肥人士吃鸡蛋不应该排斥蛋黄,蛋黄有什么做法
1579,0,减肥人士吃鸡蛋不应该排斥蛋黄,蛋黄派的制作方法有哪些
1580,0,银耳饮食宜忌百科,脂肪肝的饮食宜忌
1581,0,银耳饮食宜忌百科,食物宜忌47个实用小常识
1582,0,银耳饮食宜忌百科,建议：运动前后的饮食宜忌
1583,0,银耳饮食宜忌百科,饮用水其实也有宜忌小百科
1584,0,银耳饮食宜忌百科,咳嗽宜忌原则
1585,0,银耳饮食宜忌百科,学龄前儿童食物宜忌
1586,0,银耳饮食宜忌百科,3种咳嗽的饮食宜忌
1587,0,银耳饮食宜忌百科,老年人饮食宜忌有哪些
1588,0,银耳饮食宜忌百科,感冒期间的饮食宜忌
1589,0,银耳饮食宜忌百科,食物的宜忌原则
1590,0,金针菇的功效与作用,软炸金针菇
1591,0,金针菇的功效与作用,金针菇的吃法
1592,0,金针菇的功效与作用,金针菇炒什么好吃
1593,0,金针菇的功效与作用,金针菇的烹饪方法有哪些
1594,0,金针菇的功效与作用,金针菇做法有哪些
1595,0,金针菇的功效与作用,酸辣金针菇
1596,1,金针菇的功效与作用,金针菇药用价值有哪些
1597,0,金针菇的功效与作用,金针菇的做法
1598,0,金针菇的功效与作用,金针菇的营养
1599,0,教你两种药粥食疗方消灭轻度脂肪肝,三款药粥帮你缓解痱子
1600,0,教你两种药粥食疗方消灭轻度脂肪肝,春季必学的三款药粥
1601,0,教你两种药粥食疗方消灭轻度脂肪肝,夏季养生调理药粥
1602,0,教你两种药粥食疗方消灭轻度脂肪肝,三药粥摆脱少年白头
1603,0,教你两种药粥食疗方消灭轻度脂肪肝,夏季防暑养生调理药粥
1604,0,鸡蛋去黑头 因人而异有点儿用,健康饮食因人而异
1605,0,鸡蛋去黑头 因人而异有点儿用,因人而异的防秋燥食疗法
1606,0,鸡蛋去黑头 因人而异有点儿用,茶能“解毒”但因人而异
1607,0,鸡蛋去黑头 因人而异有点儿用,小寒养生因人而异
1608,0,鸡蛋去黑头 因人而异有点儿用,水果的选择其实也可以因人而异
1609,0,鸡蛋去黑头 因人而异有点儿用,素食的概念因人而异
1610,0,鸡蛋去黑头 因人而异有点儿用,4个养生误区养生应因人而异
1611,0,鸡蛋去黑头 因人而异有点儿用,吃素食要因人而异
1612,0,鸡蛋去黑头 因人而异有点儿用,日常饮食日进几餐因人而异
1613,0,鸡蛋去黑头 因人而异有点儿用,咖啡要因人而异不可盲目饮用
1614,0,六大健康食物给爱美的你,哪些食物为碱性食物
1615,0,六大健康食物给爱美的你,哪些食物属于温热食物？
1616,0,六大健康食物给爱美的你,补铁食物有哪些
1617,0,六大健康食物给爱美的你,哪些食物相克
1618,0,六大健康食物给爱美的你,哪些食物是纤维食物
1619,0,六大健康食物给爱美的你,哪些食物可以消食
1620,0,六大健康食物给爱美的你,高蛋白食物有哪些
1621,0,六大健康食物给爱美的你,哪些食物富含酪氨酸
1622,0,六大健康食物给爱美的你,哪些食物是酸性食物
1623,0,六大健康食物给爱美的你,哪些食物为酸性食物
1624,0,8种青春永驻妙招 让你永远18岁,饮食减肥妙招
1625,0,8种青春永驻妙招 让你永远18岁,预防冬季发胖有妙招
1626,0,8种青春永驻妙招 让你永远18岁,生活小妙招
1627,0,8种青春永驻妙招 让你永远18岁,老人呵护眼睛妙招
1628,0,8种青春永驻妙招 让你永远18岁,鱼肉烹饪小妙招
1629,0,8种青春永驻妙招 让你永远18岁,辅食制作妙招
1630,0,8种青春永驻妙招 让你永远18岁,饮食解压有妙招
1631,0,8种青春永驻妙招 让你永远18岁,消除口臭有妙招
1632,0,减肥期间喝点儿茶 健康方便又排毒,哪种家常菜可以排毒？
1633,1,减肥期间喝点儿茶 健康方便又排毒,排毒的食物有哪些
1634,0,减肥期间喝点儿茶 健康方便又排毒,排毒效果
1635,1,减肥期间喝点儿茶 健康方便又排毒,什么食品排毒
1636,1,减肥期间喝点儿茶 健康方便又排毒,吃什么排毒
1637,0,减肥期间喝点儿茶 健康方便又排毒,什么是排毒
1638,0,减肥期间喝点儿茶 健康方便又排毒,什么果汁排毒
1639,0,想要排毒瘦身 你绝对不能错过它,减肥瘦身水果有哪些
1640,0,想要排毒瘦身 你绝对不能错过它,减肥瘦身果有哪些功效
1641,0,想要排毒瘦身 你绝对不能错过它,鸡蛋瘦身减肥
1642,0,想要排毒瘦身 你绝对不能错过它,瘦身减肥食谱有哪些
1643,0,想要排毒瘦身 你绝对不能错过它,果蔬汁减肥瘦身有哪些？
1644,0,想要排毒瘦身 你绝对不能错过它,果蔬汁减肥瘦身饮有哪些
1645,0,狂吃减压易发胖 选对食物没问题（）,饮食不均衡易发近视眼
1646,0,狂吃减压易发胖 选对食物没问题（）,新生儿易发哪些疾病？
1647,0,平菇的做法及功效,平菇是发物么
1648,0,平菇的做法及功效,平菇的介绍
1649,0,平菇的做法及功效,平菇和什么相克
1650,0,平菇的做法及功效,平菇需要焯水吗
1651,1,平菇的做法及功效,平菇的做法
1652,0,平菇的做法及功效,平菇培养基
1653,0,平菇的做法及功效,平菇是什么？
1654,0,平菇的做法及功效,蚝油焖平菇
1655,0,平菇的做法及功效,平菇鸡蛋汤
1656,0,春季减肥要注意 运动为主节食为辅,运动节食减肥计划方法
1657,0,春季减肥要注意 运动为主节食为辅,孕期切勿节食
1658,0,春季减肥要注意 运动为主节食为辅,保苗条有效节食6秘诀
1659,0,春季减肥要注意 运动为主节食为辅,节食的坏处有哪些
1660,0,春季减肥要注意 运动为主节食为辅,节食对身体有哪些危害
1661,0,春季减肥要注意 运动为主节食为辅,节食减肥的最好方法有哪些
1662,0,春季减肥要注意 运动为主节食为辅,节食不排毒反而排营养
1663,0,春季减肥要注意 运动为主节食为辅,老年人适当节食有益长寿
1664,0,春季减肥要注意 运动为主节食为辅,节食减肥要注意的问题
1665,0,春季减肥要注意 运动为主节食为辅,不节食的减肥四原则
1666,1,4款食谱助你保养皮肤消雀斑,消除雀斑的几道食物
1667,0,4款食谱助你保养皮肤消雀斑,不能吃有雀斑的水果
1668,1,4款食谱助你保养皮肤消雀斑,消除雀斑的天然食物
1669,1,4款食谱助你保养皮肤消雀斑,4种食物消除脸上雀斑
1670,0,4款食谱助你保养皮肤消雀斑,6个去雀斑小偏方
1671,0,4款食谱助你保养皮肤消雀斑,把雀斑消灭在餐饮中
1672,0,4款食谱助你保养皮肤消雀斑,脸上长雀斑是什么因素引起的？
1673,0,4款食谱助你保养皮肤消雀斑,消除雀斑你只需要它们
1674,0,4款食谱助你保养皮肤消雀斑,消除雀斑的天然健康食物
1675,0,4款食谱助你保养皮肤消雀斑,消除雀斑五大天然食物
1676,0,适量蔬果汁 排毒又美容,哪些蔬果绝对不能带皮吃
1677,0,适量蔬果汁 排毒又美容,红色蔬果有哪些
1678,0,适量蔬果汁 排毒又美容,蔬果中的护肝宝贝有哪些
1679,0,适量蔬果汁 排毒又美容,消化不良吃什么蔬果好？
1680,0,适量蔬果汁 排毒又美容,蔬果面膜DIY
1681,0,适量蔬果汁 排毒又美容,蔬果的有什么营养价值
1682,0,适量蔬果汁 排毒又美容,哪些蔬果的皮不能食用
1683,0,适量蔬果汁 排毒又美容,天天五蔬果防癌
1684,0,适量蔬果汁 排毒又美容,天然蔬果含什么毒素
1685,0,适量蔬果汁 排毒又美容,吃哪些蔬果更助性
1686,0,小脸美女5步搞定,素食进补让小脸红扑扑
1687,0,小脸美女5步搞定,9种食品吃出精致小脸
1688,0,小脸美女5步搞定,7种瘦脸食物吃成瓜子小脸
1689,0,小脸美女5步搞定,七大美食吃出精致心形小脸！
1690,0,小脸美女5步搞定,6种瘦脸食物吃出完美小脸
1691,0,加餐4个小技巧 减肥成功吃得好,加餐小技巧瘦身没负担
1692,0,加餐4个小技巧 减肥成功吃得好,婴幼儿不宜常用糕点当加餐
1693,0,加餐4个小技巧 减肥成功吃得好,孕妇的几款加餐食谱
1694,0,加餐4个小技巧 减肥成功吃得好,孕期加餐遵守3个准则
1695,0,加餐4个小技巧 减肥成功吃得好,教你减肥加餐不发胖
1696,0,加餐4个小技巧 减肥成功吃得好,糖尿病人运动后加餐当心发胖
1697,0,加餐4个小技巧 减肥成功吃得好,上班时来个水果加餐，健康更多
1698,0,加餐4个小技巧 减肥成功吃得好,孕期科学加餐宝宝才会更健康
1699,0,加餐4个小技巧 减肥成功吃得好,这样饮食，加餐也能瘦下来！
1700,0,加餐4个小技巧 减肥成功吃得好,正确“加餐”让你瘦
1701,0,电脑族美容 轻松祛斑小妙招,祛斑吃什么食物调理
1702,0,电脑族美容 轻松祛斑小妙招,有哪些食物可以祛斑
1703,0,电脑族美容 轻松祛斑小妙招,祛斑的食物
1704,0,电脑族美容 轻松祛斑小妙招,祛斑有哪几种有效的方法
1705,0,电脑族美容 轻松祛斑小妙招,柠檬水可以祛斑美容
1706,0,电脑族美容 轻松祛斑小妙招,吃什么水果祛斑？
1707,0,电脑族美容 轻松祛斑小妙招,祛斑的食物有哪些M
1708,0,电脑族美容 轻松祛斑小妙招,吃什么食物可以祛斑
1709,0,怎样防止乳防下垂,防止臀部下垂的最佳食品
1710,0,怎样防止乳防下垂,6招彻底消灭胸部下垂
1711,0,怎样防止乳防下垂,防止臀部下垂最好就是多吃这个
1712,0,怎样防止乳防下垂,子宫下垂吃什么菜比较好
1713,0,怎样防止乳防下垂,子宫下垂的初期症状是什么？
1714,0,怎样防止乳防下垂,预防胸部下垂的方法
1715,0,怎样防止乳防下垂,久坐臀部下垂吃什么？
1716,0,怎样防止乳防下垂,小肠下垂的意见建议:
1717,0,点柄黏盖牛肝菌的简介,点柄黏盖牛肝菌简介
1718,0,小事让皮肤变好,9种食物让你心情变好
1719,0,小事让皮肤变好,身材皮肤变好8种食物
1720,0,小事让皮肤变好,7件小事让皮肤变好
1721,0,小事让皮肤变好,胃口变好可能并非好事
1722,0,铆钉菇的功效与作用,酿金钱菇的制法
1723,0,银耳的功效与作用,哪些人不宜吃银耳
1724,0,银耳的功效与作用,银耳的做法有几种
1725,0,银耳的功效与作用,银耳的吃法有哪些
1726,0,银耳的功效与作用,吃银耳有哪些禁忌
1727,1,银耳的功效与作用,银耳有哪些好处？
1728,0,银耳的功效与作用,银耳有哪些吃法？
1729,0,银耳的功效与作用,银耳红枣汤
1730,0,银耳的功效与作用,银耳有哪些做法?
1731,0,银耳的功效与作用,银耳是什么
1732,0,脸蛋红血丝是怎么形成的 能去除吗？,喝什么花茶能去火呢
1733,0,脸蛋红血丝是怎么形成的 能去除吗？,能去湿气的蔬菜水果
1734,0,脸蛋红血丝是怎么形成的 能去除吗？,喝这些茶竟然能去湿气
1735,0,菠萝帮你清体美容消脂,日常饮品帮你预防疾病
1736,0,菠萝帮你清体美容消脂,天然蔬菜可以帮你养生
1737,0,菠萝帮你清体美容消脂,7食物帮你调节内分泌
1738,0,菠萝帮你清体美容消脂,消化不良这些茶能帮你
1739,0,菠萝帮你清体美容消脂,水果帮你解决便秘烦恼
1740,0,菠萝帮你清体美容消脂,食物帮你除臭
1741,0,菠萝帮你清体美容消脂,美食帮你减肥
1742,0,菠萝帮你清体美容消脂,这些食物帮你保护肝脏
1743,0,菠萝帮你清体美容消脂,不同颜色食物帮你减肥
1744,0,菠萝帮你清体美容消脂,帮你挑选减压食品
1745,0,7款不可错过的饮食小偏方 让你轻松瘦下来,求乌发偏方.
1746,0,7款不可错过的饮食小偏方 让你轻松瘦下来,增强免疫力偏方
1747,0,7款不可错过的饮食小偏方 让你轻松瘦下来,鼻炎偏方=
1748,0,7款不可错过的饮食小偏方 让你轻松瘦下来,食物美白偏方
1749,0,7款不可错过的饮食小偏方 让你轻松瘦下来,能治疗高血压的偏方有哪些
1750,0,健康减肥 6种蔬菜帮你快速瘦身,减肥瘦身水果有哪些
1751,0,健康减肥 6种蔬菜帮你快速瘦身,减肥瘦身果有哪些功效
1752,0,健康减肥 6种蔬菜帮你快速瘦身,鸡蛋瘦身减肥
1753,0,健康减肥 6种蔬菜帮你快速瘦身,瘦身减肥食谱有哪些
1754,0,健康减肥 6种蔬菜帮你快速瘦身,果蔬汁减肥瘦身有哪些？
1755,0,健康减肥 6种蔬菜帮你快速瘦身,果蔬汁减肥瘦身饮有哪些
1756,1,羊肚菌的营养价值及做法,羊肚菌作用
1757,0,羊肚菌的营养价值及做法,羊肚菌做法
1758,0,羊肚菌的营养价值及做法,野生羊肚菌
1759,0,羊肚菌的营养价值及做法,羊肚菌是什么
1760,1,羊肚菌的营养价值及做法,羊肚菌的主要价值
1761,0,羊肚菌的营养价值及做法,羊肚菌的做法
1762,0,猪尾凤爪香菇汤美容丰胸效果佳,猪尾煲汤的做法是什么
1763,0,猪尾凤爪香菇汤美容丰胸效果佳,猪尾的营养价值与做法
1764,0,猪尾凤爪香菇汤美容丰胸效果佳,山药猪尾烫的用处
1765,0,猪尾凤爪香菇汤美容丰胸效果佳,杜仲炖猪尾好不好吃
1766,0,猪尾凤爪香菇汤美容丰胸效果佳,猪尾巴菜起什么名
1767,0,肠道顺自然瘦！每天1杯果汁养成易瘦体质,6种食物清洁肠道
1768,0,肠道顺自然瘦！每天1杯果汁养成易瘦体质,吃什么食物对肠道好呢
1769,0,肠道顺自然瘦！每天1杯果汁养成易瘦体质,五种方法疏通肠道
1770,0,肠道顺自然瘦！每天1杯果汁养成易瘦体质,消毒水果保卫肠道健康
1771,0,肠道顺自然瘦！每天1杯果汁养成易瘦体质,吃什么可以加速肠道蠕动
1772,0,肠道顺自然瘦！每天1杯果汁养成易瘦体质,肠道最喜欢的食物
1773,0,肠道顺自然瘦！每天1杯果汁养成易瘦体质,吃什么可以促进肠道蠕动呢
1774,0,肠道顺自然瘦！每天1杯果汁养成易瘦体质,饮食与肠道健康
1775,0,肠道顺自然瘦！每天1杯果汁养成易瘦体质,吃什么水果可以清肠道
1776,0,肠道顺自然瘦！每天1杯果汁养成易瘦体质,清肠道的食物有哪些？
1777,0,清凉饮品 美白消暑两不误,圣诞节健康狂欢两不误
1778,0,清凉饮品 美白消暑两不误,冬瓜减肥美容两不误
1779,0,清凉饮品 美白消暑两不误,春季祛湿排毒两不误
1780,0,减肥美容冬瓜饮的自制方法,冬瓜和什么相克
1781,0,减肥美容冬瓜饮的自制方法,冬瓜有什么好处
1782,0,减肥美容冬瓜饮的自制方法,冬瓜配什么好吃
1783,0,减肥美容冬瓜饮的自制方法,冬瓜有哪几种吃法
1784,0,减肥美容冬瓜饮的自制方法,冬瓜什么季节种植
1785,0,减肥美容冬瓜饮的自制方法,冬瓜蓉的做法有哪些
1786,0,减肥美容冬瓜饮的自制方法,冬瓜是什么样的
1787,0,减肥美容冬瓜饮的自制方法,冬瓜有哪些吃法？
1788,0,减肥美容冬瓜饮的自制方法,冬瓜的功效有哪些？
1789,0,减肥美容冬瓜饮的自制方法,炒冬瓜的做法有哪些？
1790,0,吃保健品排毒不如吃红薯,哪种家常菜可以排毒？
1791,0,吃保健品排毒不如吃红薯,排毒的食物有哪些
1792,0,吃保健品排毒不如吃红薯,排毒效果
1793,0,吃保健品排毒不如吃红薯,什么食品排毒
1794,0,吃保健品排毒不如吃红薯,吃什么排毒
1795,0,吃保健品排毒不如吃红薯,什么是排毒
1796,0,吃保健品排毒不如吃红薯,什么果汁排毒
1797,0,上这5种肉最适合减肥的人吃,减肥日程
1798,0,上这5种肉最适合减肥的人吃,减肥食品
1799,0,上这5种肉最适合减肥的人吃,减肥餐
1800,0,上这5种肉最适合减肥的人吃,减肥减肥减肥减肥
1801,0,上这5种肉最适合减肥的人吃,减肥食谱
1802,0,上这5种肉最适合减肥的人吃,减肥蔬菜
1803,0,上这5种肉最适合减肥的人吃,减肥计划
1804,0,上这5种肉最适合减肥的人吃,减肥方法
1805,0,上这5种肉最适合减肥的人吃,减肥蔬菜什么蔬菜减肥
1806,0,5个保湿小技巧帮你养出Q弹肌,日常饮品帮你预防疾病
1807,0,5个保湿小技巧帮你养出Q弹肌,天然蔬菜可以帮你养生
1808,0,5个保湿小技巧帮你养出Q弹肌,7食物帮你调节内分泌
1809,0,5个保湿小技巧帮你养出Q弹肌,消化不良这些茶能帮你
1810,0,5个保湿小技巧帮你养出Q弹肌,水果帮你解决便秘烦恼
1811,0,5个保湿小技巧帮你养出Q弹肌,食物帮你除臭
1812,0,5个保湿小技巧帮你养出Q弹肌,美食帮你减肥
1813,0,5个保湿小技巧帮你养出Q弹肌,这些食物帮你保护肝脏
1814,0,5个保湿小技巧帮你养出Q弹肌,不同颜色食物帮你减肥
1815,0,5个保湿小技巧帮你养出Q弹肌,帮你挑选减压食品
1816,0,5时段喝水才能真正瘦下来,宝宝喝水有学问
1817,0,5时段喝水才能真正瘦下来,喝水的好处
1818,0,5时段喝水才能真正瘦下来,喝水能减肥喝水的3大好处
1819,0,5时段喝水才能真正瘦下来,喝水的最佳时间
1820,0,5时段喝水才能真正瘦下来,每天多喝水的好处有哪些
1821,0,5时段喝水才能真正瘦下来,喝水的时间介绍
1822,0,5时段喝水才能真正瘦下来,喝水的学问
1823,0,5时段喝水才能真正瘦下来,婴儿喝水的好处有哪些
1824,0,5时段喝水才能真正瘦下来,喝水会胖吗
1825,0,5时段喝水才能真正瘦下来,喝水过多的坏处有哪些
1826,0,五款美白汤饮喝出嫩白肌肤,牛筋白汤做法
1827,0,五款美白汤饮喝出嫩白肌肤,适合秋季喝的中药美白汤
1828,0,五款美白汤饮喝出嫩白肌肤,花蛤的做法炖至白汤
1829,0,春季也需要防晒，分享几个小技巧,哪些食物能防晒
1830,0,春季也需要防晒，分享几个小技巧,防晒食物吃什么？
1831,0,春季也需要防晒，分享几个小技巧,四类中药防晒又养生
1832,0,春季也需要防晒，分享几个小技巧,妙吃水果的防晒护理
1833,0,春季也需要防晒，分享几个小技巧,美白防晒面膜
1834,0,春季也需要防晒，分享几个小技巧,夏季必吃10种防晒食物
1835,0,春季也需要防晒，分享几个小技巧,夏季必吃防晒食物
1836,0,春季也需要防晒，分享几个小技巧,年龄不同防晒不一样
1837,0,春季也需要防晒，分享几个小技巧,多吃蕃茄可防晒
1838,0,春季也需要防晒，分享几个小技巧,八大防晒水果
1839,0,5个注意事项 将染发伤害降到最低,有哪些中草药具有乌发染发的功效
1840,0,5个注意事项 将染发伤害降到最低,染发的4大危害一不小心可致癌
1841,0,5个注意事项 将染发伤害降到最低,5个注意事项将染发伤害降到最低
1842,0,5个注意事项 将染发伤害降到最低,染发避开这4条否则会毁容
1843,0,香蕉8大益处 健体亦美容,5种食品强身健体具有神奇技能
1844,0,香蕉8大益处 健体亦美容,帮助男性强身健体的5种食物
1845,0,山楂减肥汤 瘦成女神很简单,山楂红薯粥的做法
1846,0,山楂减肥汤 瘦成女神很简单,山楂的营养价值
1847,0,山楂减肥汤 瘦成女神很简单,山楂枸杞茶
1848,0,山楂减肥汤 瘦成女神很简单,山楂的药用价值
1849,0,山楂减肥汤 瘦成女神很简单,山楂的好处
1850,0,山楂减肥汤 瘦成女神很简单,山楂可以做成哪些美食
1851,0,山楂减肥汤 瘦成女神很简单,山楂的功效
1852,0,山楂减肥汤 瘦成女神很简单,山楂的吃法
1853,0,香蕉热量低 但减肥不可取,用果汁代替水果不可取
1854,0,香蕉热量低 但减肥不可取,为了宝宝的健康5种儿童早餐不可取
1855,0,香蕉热量低 但减肥不可取,肉过量和拒食肉均不可取
1856,0,香蕉热量低 但减肥不可取,5种早餐吃法不可取
1857,0,香蕉热量低 但减肥不可取,一杯茶从早泡到晚不可取!
1858,0,食物这样吃 可以让你快速瘦身,减肥瘦身水果有哪些
1859,0,食物这样吃 可以让你快速瘦身,减肥瘦身果有哪些功效
1860,0,食物这样吃 可以让你快速瘦身,鸡蛋瘦身减肥
1861,0,食物这样吃 可以让你快速瘦身,瘦身减肥食谱有哪些
1862,0,食物这样吃 可以让你快速瘦身,果蔬汁减肥瘦身有哪些？
1863,0,食物这样吃 可以让你快速瘦身,果蔬汁减肥瘦身饮有哪些
1864,0,春季减肥的九个方法,减肥日程
1865,0,春季减肥的九个方法,减肥食品
1866,0,春季减肥的九个方法,减肥餐
1867,0,春季减肥的九个方法,减肥减肥减肥减肥
1868,0,春季减肥的九个方法,减肥食谱
1869,0,春季减肥的九个方法,减肥蔬菜
1870,0,春季减肥的九个方法,减肥计划
1871,0,春季减肥的九个方法,减肥方法
1872,0,春季减肥的九个方法,减肥蔬菜什么蔬菜减肥
1873,0,低脂食品不能减脂，还会使人发胖,有哪些食物是可以清肠减脂
1874,0,低脂食品不能减脂，还会使人发胖,什么是减脂？
1875,0,低脂食品不能减脂，还会使人发胖,减脂健身后吃什么比较好？
1876,0,低脂食品不能减脂，还会使人发胖,3款食疗减脂清脂
1877,0,低脂食品不能减脂，还会使人发胖,健美减脂的食谱有哪些
1878,0,低脂食品不能减脂，还会使人发胖,减脂主食减脂吃什么主食
1879,0,低脂食品不能减脂，还会使人发胖,五种食物助中年人减脂
1880,0,低脂食品不能减脂，还会使人发胖,星座MM减脂该吃什么
1881,0,低脂食品不能减脂，还会使人发胖,5种食物可有助中年人减脂
1882,0,低脂食品不能减脂，还会使人发胖,白领的减脂大作战
1883,0,春季减肥 9种吃法让你越吃越瘦,让你越喝越瘦的神奇饮品
1884,0,春季减肥 9种吃法让你越吃越瘦,越吃越瘦的东西有哪些呢
1885,0,春季减肥 9种吃法让你越吃越瘦,越吃越瘦的7个饮食秘诀！
1886,0,春季减肥 9种吃法让你越吃越瘦,瘦腿计划
1887,0,春季减肥 9种吃法让你越吃越瘦,六种越吃越瘦的营养食物
1888,0,春季减肥 9种吃法让你越吃越瘦,让你越吃越瘦的15种食物
1889,0,春季减肥 9种吃法让你越吃越瘦,越吃越瘦的食物
1890,0,春季减肥 9种吃法让你越吃越瘦,越吃越瘦的五谷杂粮，吃着吃着就瘦了
1891,0,春季减肥 9种吃法让你越吃越瘦,越吃越瘦的吃饭原则
1892,0,春季减肥 9种吃法让你越吃越瘦,14种越吃越瘦的食物
1893,0,女性每日一把葡萄干,葡萄干做法
1894,0,女性每日一把葡萄干,吃葡萄干有什么好处
1895,0,女性每日一把葡萄干,自制葡萄干
1896,0,女性每日一把葡萄干,葡萄干的营养价值
1897,0,女性每日一把葡萄干,葡萄干什么好处
1898,0,女性每日一把葡萄干,葡萄干食疗养生
1899,0,女性每日一把葡萄干,葡萄干功效超乎想象
1900,0,女性每日一把葡萄干,葡萄干的好处
1901,0,女性每日一把葡萄干,葡萄干泡醋
1902,0,女性每日一把葡萄干,葡萄干能煮粥吗
1903,0,几种具有保健功效的菌类食物,这是什么菌类
1904,0,几种具有保健功效的菌类食物,菌类的介绍
1905,0,几种具有保健功效的菌类食物,这个是什么菌类
1906,0,减肥但想吃曲奇 全麦曲奇拯救你,主食上全麦食品防晒效果最好
1907,0,减肥但想吃曲奇 全麦曲奇拯救你,全麦食品指的是哪些？
1908,0,减肥但想吃曲奇 全麦曲奇拯救你,全麦食品有哪些
1909,0,减肥但想吃曲奇 全麦曲奇拯救你,多食全麦食品清肺润肺
1910,0,减肥但想吃曲奇 全麦曲奇拯救你,健康从全麦早餐开始
1911,0,减肥但想吃曲奇 全麦曲奇拯救你,男人都该爱上全麦早餐
1912,0,减肥但想吃曲奇 全麦曲奇拯救你,全麦饼干的做法
1913,0,减肥但想吃曲奇 全麦曲奇拯救你,全麦的营养价值有哪些
1914,0,减肥但想吃曲奇 全麦曲奇拯救你,什么是全麦，那些食物是粗粮
1915,0,减肥但想吃曲奇 全麦曲奇拯救你,健康饮食多食用全麦食品！
1916,0,肥胖的真正敌人是谁？,不当的饮食方式导致肥胖
1917,0,肥胖的真正敌人是谁？,产后肥胖的定义
1918,0,肥胖的真正敌人是谁？,孩子肥胖原因有哪些
1919,0,肥胖的真正敌人是谁？,拒绝肥胖拒绝5点
1920,0,肥胖的真正敌人是谁？,短期肥胖的原因是什么
1921,0,肥胖的真正敌人是谁？,肥胖儿童应科学选择食品
1922,0,肥胖的真正敌人是谁？,五种食物告别肥胖
1923,0,肥胖的真正敌人是谁？,肥胖孕妇的饮食注意
1924,0,肥胖的真正敌人是谁？,这些因素导致肥胖
1925,0,肥胖的真正敌人是谁？,身体里缺乏这些最容易肥胖
1926,0,减肥应该吃什么 了解热量科学减肥,减肥日程
1927,0,减肥应该吃什么 了解热量科学减肥,减肥食品
1928,0,减肥应该吃什么 了解热量科学减肥,减肥餐
1929,0,减肥应该吃什么 了解热量科学减肥,减肥减肥减肥减肥
1930,0,减肥应该吃什么 了解热量科学减肥,减肥食谱
1931,0,减肥应该吃什么 了解热量科学减肥,减肥蔬菜
1932,0,减肥应该吃什么 了解热量科学减肥,减肥计划
1933,0,减肥应该吃什么 了解热量科学减肥,减肥方法
1934,0,减肥应该吃什么 了解热量科学减肥,减肥蔬菜什么蔬菜减肥
1935,0,关于生理期减肥 有四点要清楚,减肥日程
1936,0,关于生理期减肥 有四点要清楚,减肥食品
1937,0,关于生理期减肥 有四点要清楚,减肥餐
1938,0,关于生理期减肥 有四点要清楚,减肥减肥减肥减肥
1939,0,关于生理期减肥 有四点要清楚,减肥食谱
1940,0,关于生理期减肥 有四点要清楚,减肥蔬菜
1941,0,关于生理期减肥 有四点要清楚,减肥计划
1942,0,关于生理期减肥 有四点要清楚,减肥方法
1943,0,关于生理期减肥 有四点要清楚,减肥蔬菜什么蔬菜减肥
1944,0,毛木耳-纺织和矿山工人很好的保健食品,保健食品
1945,0,毛木耳-纺织和矿山工人很好的保健食品,怀孕营养保健
1946,0,毛木耳-纺织和矿山工人很好的保健食品,冠心病吃什么保健
1947,0,毛木耳-纺织和矿山工人很好的保健食品,养生保健的食材有哪些？
1948,0,毛木耳-纺织和矿山工人很好的保健食品,想做养生保健
1949,0,毛木耳-纺织和矿山工人很好的保健食品,孕期保健手册
1950,0,毛木耳-纺织和矿山工人很好的保健食品,科学保健8大保健禁区
1951,0,毛木耳-纺织和矿山工人很好的保健食品,保健养肝茶有哪些
1952,0,毛木耳-纺织和矿山工人很好的保健食品,保健灵身茶
1953,0,毛木耳-纺织和矿山工人很好的保健食品,绿色保健水果
1954,0,芝麻花生帮女人身材升Cup！,芝麻的营养价值
1955,0,芝麻花生帮女人身材升Cup！,食用芝麻的益处
1956,0,芝麻花生帮女人身材升Cup！,芝麻薄片配方工艺
1957,0,芝麻花生帮女人身材升Cup！,芝麻的由来
1958,0,芝麻花生帮女人身材升Cup！,芝麻药用价值有什么
1959,0,芝麻花生帮女人身材升Cup！,芝麻的适用人群
1960,0,芝麻花生帮女人身材升Cup！,芝麻的介绍
1961,0,双色牛肝菌简介,什么牛肝菌最好
1962,0,双色牛肝菌简介,牛肝菌那个品种最好
1963,0,双色牛肝菌简介,牛肝菌的作用
1964,0,双色牛肝菌简介,牛肝菌的栽培技术
1965,0,双色牛肝菌简介,牛肝菌是什么
1966,0,双色牛肝菌简介,美味牛肝菌
1967,0,双色牛肝菌简介,牛肝菌的做法
1968,0,双色牛肝菌简介,鲜牛肝菌的做法
1969,0,双色牛肝菌简介,牛肝菌是什么呢
1970,0,手把手教你做减肥果汁,FDA手把手教你4步安全处理食物
1971,0,手把手教你做减肥果汁,手把手教你正山小种冲泡方法
1972,0,手把手教你做减肥果汁,手把手教你做曲奇
1973,0,手把手教你做减肥果汁,手把手教你制作儿童的创意火锅
1974,0,手把手教你做减肥果汁,手把手教你鱼糕的家常做法
1975,0,三类人喝豆浆是火上浇油,老胃病吃3种水果火上浇油
1976,0,想要减肥的你今天吃早餐了吗,吃早餐的4大禁忌
1977,0,想要减肥的你今天吃早餐了吗,吃早餐的5大典型错误
1978,0,想要减肥的你今天吃早餐了吗,吃早餐要避免六大错误做法
1979,0,想要减肥的你今天吃早餐了吗,吃早餐的重要性
1980,0,想要减肥的你今天吃早餐了吗,吃早餐时的五大错误
1981,0,想要减肥的你今天吃早餐了吗,吃早餐的最佳时间是几点
1982,0,想要减肥的你今天吃早餐了吗,经常不吃早餐易得4种病
1983,0,想要减肥的你今天吃早餐了吗,吃早餐常常犯的五个错误！
1984,0,想要减肥的你今天吃早餐了吗,吃早餐的重要性是什么
1985,0,想要减肥的你今天吃早餐了吗,5种错误的吃早餐方式
1986,0,春天减肥 多吃这些豆类让你瘦得更健康,聪明饮食瘦得快日常减肥小技巧
1987,0,春天减肥 多吃这些豆类让你瘦得更健康,减肥蔬菜让你瘦得更轻松
1988,0,春天减肥 多吃这些豆类让你瘦得更健康,多吃乳制品能让你瘦得更健康
1989,0,春天减肥 多吃这些豆类让你瘦得更健康,想吃就吃让你瘦得更快
1990,0,几款自制养颜美容茶助你排出毒素,七种茶助你防癌又润肺
1991,0,3月怎能不减肥 3种可以减肥的食物,减肥日程
1992,0,3月怎能不减肥 3种可以减肥的食物,减肥食品
1993,0,3月怎能不减肥 3种可以减肥的食物,减肥餐
1994,0,3月怎能不减肥 3种可以减肥的食物,减肥减肥减肥减肥
1995,0,3月怎能不减肥 3种可以减肥的食物,减肥食谱
1996,0,3月怎能不减肥 3种可以减肥的食物,减肥蔬菜
1997,0,3月怎能不减肥 3种可以减肥的食物,减肥计划
1998,0,3月怎能不减肥 3种可以减肥的食物,减肥方法
1999,0,3月怎能不减肥 3种可以减肥的食物,减肥蔬菜什么蔬菜减肥
2000,0,瘦腰课程表 吃着减赘肉,传说中的健康食品让你赘肉横生
2001,0,瘦腰课程表 吃着减赘肉,揭开腰部赘肉横生的原因
2002,0,瘦腰课程表 吃着减赘肉,12种食物让你赘肉横生
2003,0,瘦腰课程表 吃着减赘肉,减腰腹部赘肉的运动方法
2004,0,瘦腰课程表 吃着减赘肉,针对赘肉量身选择瘦身果蔬
2005,0,瘦腰课程表 吃着减赘肉,揭开腰部赘肉横生5原因
2006,0,瘦腰课程表 吃着减赘肉,腹部赘肉的饮食对策
2007,0,瘦腰课程表 吃着减赘肉,六大蔬果击退赘肉
2008,0,晚上这样吃，只会越来越瘦,吃什么可以瘦臀部
2009,0,晚上这样吃，只会越来越瘦,一瘦再瘦的零食清单
2010,0,晚上这样吃，只会越来越瘦,偏瘦吃什么比较好？
2011,0,晚上这样吃，只会越来越瘦,五种饮食搭配想瘦就瘦
2012,0,晚上这样吃，只会越来越瘦,吃什么瘦大腿效果好？
2013,0,晚上这样吃，只会越来越瘦,瘦腿计划
2014,0,晚上这样吃，只会越来越瘦,吃什么瘦腿效果好？
2015,0,晚上这样吃，只会越来越瘦,吃什么能瘦胸呢？
2016,0,晚上这样吃，只会越来越瘦,吃什么可以瘦屁股呢
2017,0,晚上这样吃，只会越来越瘦,什么颜色水果吃了瘦
2018,0,学会5招让你久坐不发胖,上班族久坐可常食用6种食物
2019,0,学会5招让你久坐不发胖,上班族久坐，6种食物可活血
2020,0,学会5招让你久坐不发胖,6个减肥小妙招拒绝久坐肥胖
2021,0,学会5招让你久坐不发胖,久坐人群的蔬菜排毒法
2022,0,学会5招让你久坐不发胖,久坐臀部下垂吃什么？
2023,0,学会5招让你久坐不发胖,久坐易导致多种妇科病
2024,0,学会5招让你久坐不发胖,白领久坐必须警惕这些危害
2025,0,学会5招让你久坐不发胖,久坐白领的6个减肥好方法
2026,0,学会5招让你久坐不发胖,久坐电脑前你必须吃什么？
2027,0,五种瘦身早餐 让你轻松瘦下来,饮食20件事让你身体差
2028,0,五种瘦身早餐 让你轻松瘦下来,4款食谱让你轻松补铁
2029,0,五种瘦身早餐 让你轻松瘦下来,5种早餐吃法会让你折寿
2030,0,五种瘦身早餐 让你轻松瘦下来,食疗让你拥有完美乳房
2031,0,五种瘦身早餐 让你轻松瘦下来,三件能让你快乐的事
2032,0,五种瘦身早餐 让你轻松瘦下来,20件事让你身体越来越差
2033,0,五种瘦身早餐 让你轻松瘦下来,水果食疗让你大开眼界
2034,0,五种瘦身早餐 让你轻松瘦下来,这样饮食，让你一生不得癌！
2035,0,五种瘦身早餐 让你轻松瘦下来,经常吃它们让你更快衰老
2036,0,五种瘦身早餐 让你轻松瘦下来,男人肾虚六款食谱让你金枪不倒
2037,0,春季皮肤常见问题 3个对策各个击破,妊娠中毒症的饮食对策
2038,0,春季皮肤常见问题 3个对策各个击破,绝对不会发胖的早餐对策
2039,0,春季皮肤常见问题 3个对策各个击破,5大饮食对策对抗发胖
2040,0,春季皮肤常见问题 3个对策各个击破,早孕反应的饮食对策
2041,0,春季皮肤常见问题 3个对策各个击破,缓解便秘的食疗对策
2042,0,春季皮肤常见问题 3个对策各个击破,帮助孩子吃粗粮的5大对策
2043,0,春季皮肤常见问题 3个对策各个击破,远不会发胖的早餐对策
2044,0,春季皮肤常见问题 3个对策各个击破,改善女性肾虚食疗对策
2045,0,春季皮肤常见问题 3个对策各个击破,口腔溃疡的营养对策
2046,0,春季皮肤常见问题 3个对策各个击破,腹部赘肉的饮食对策
2047,0,吃菌类食物的科学方法,这是什么菌类
2048,0,吃菌类食物的科学方法,菌类的介绍
2049,0,吃菌类食物的科学方法,这个是什么菌类
2050,0,石斛的5种吃法 美容又养生,石斛食用方法
2051,0,石斛的5种吃法 美容又养生,石斛的做法介绍
2052,0,石斛的5种吃法 美容又养生,石斛适宜人群
2053,0,石斛的5种吃法 美容又养生,石斛功效作用是什么
2054,0,石斛的5种吃法 美容又养生,石斛的吃法
2055,0,石斛的5种吃法 美容又养生,哪些人不宜食用石斛？石斛的副作用有哪些?
2056,0,石斛的5种吃法 美容又养生,石斛的食用方法
2057,0,石斛的5种吃法 美容又养生,什么是铁皮石斛
2058,0,石斛的5种吃法 美容又养生,石斛可以同什么一起煲汤
2059,0,一日吃仨枣保健又美容,果汁美容
2060,0,一日吃仨枣保健又美容,美容水果有哪些呢
2061,0,一日吃仨枣保健又美容,美容养胃粥都有哪些
2062,0,一日吃仨枣保健又美容,什么水果美容减肥
2063,0,一日吃仨枣保健又美容,吃什么美容美白呢
2064,0,一日吃仨枣保健又美容,养生美容茶有哪些
2065,0,一日吃仨枣保健又美容,有哪些常见美容养颜羹汤
2066,0,一日吃仨枣保健又美容,美容药膳
2067,0,一日吃仨枣保健又美容,对症美容
2068,0,经常染发？你需要这4种食物,有哪些中草药具有乌发染发的功效
2069,0,经常染发？你需要这4种食物,染发的4大危害一不小心可致癌
2070,0,经常染发？你需要这4种食物,5个注意事项将染发伤害降到最低
2071,0,经常染发？你需要这4种食物,染发避开这4条否则会毁容
2072,0,葡萄+枸杞 女人补血的良品,男人助睡四大良品
2073,0,葡萄+枸杞 女人补血的良品,被打入冷宫的是减肥良品
2074,0,饮食减肥大全,减肥日程
2075,1,饮食减肥大全,减肥食品
2076,1,饮食减肥大全,减肥餐
2077,0,饮食减肥大全,减肥减肥减肥减肥
2078,1,饮食减肥大全,减肥食谱
2079,0,饮食减肥大全,减肥蔬菜
2080,0,饮食减肥大全,减肥计划
2081,0,饮食减肥大全,减肥方法
2082,1,饮食减肥大全,减肥蔬菜什么蔬菜减肥
2083,0,2款花茶就能喝出好气色 让你人比花娇,花娇煲汤需要放哪些材料
2084,0,2款花茶就能喝出好气色 让你人比花娇,巧食桃花人比花更娇
2085,0,经期减肥法 确有效果还是商家炒作,经期吃的食物有哪些
2086,0,经期减肥法 确有效果还是商家炒作,经期补血吃什么
2087,0,经期减肥法 确有效果还是商家炒作,经期适合吃的蔬菜有哪些
2088,0,经期减肥法 确有效果还是商家炒作,经期可以吃的零食有哪些
2089,0,经期减肥法 确有效果还是商家炒作,经期饮食注意
2090,0,经期减肥法 确有效果还是商家炒作,经期喝的茶哪些好
2091,0,经期减肥法 确有效果还是商家炒作,女性经期喝酒有哪些危害
2092,0,经期减肥法 确有效果还是商家炒作,经期不能吃的食物有哪些
2093,0,经期减肥法 确有效果还是商家炒作,经期适合吃什么
2094,0,经期减肥法 确有效果还是商家炒作,经期不能喝的茶有哪些
2095,0,科学减肥 需要三管齐下,减肥日程
2096,0,科学减肥 需要三管齐下,减肥食品
2097,0,科学减肥 需要三管齐下,减肥餐
2098,0,科学减肥 需要三管齐下,减肥减肥减肥减肥
2099,0,科学减肥 需要三管齐下,减肥食谱
2100,0,科学减肥 需要三管齐下,减肥蔬菜
2101,0,科学减肥 需要三管齐下,减肥计划
2102,0,科学减肥 需要三管齐下,减肥方法
2103,0,科学减肥 需要三管齐下,减肥蔬菜什么蔬菜减肥
2104,0,4款补血补气美味 让你美过大明星,补气补血食材有哪些
2105,0,4款补血补气美味 让你美过大明星,补气营养品有哪些？
2106,0,4款补血补气美味 让你美过大明星,补气虚的食物有哪些
2107,0,4款补血补气美味 让你美过大明星,补血补气蔬菜有哪些
2108,0,4款补血补气美味 让你美过大明星,补气的保健品有哪些
2109,0,4款补血补气美味 让你美过大明星,生活中哪些蔬菜补气
2110,0,4款补血补气美味 让你美过大明星,补血补气水果有哪些
2111,0,4款补血补气美味 让你美过大明星,补气食物有哪些
2112,0,4款补血补气美味 让你美过大明星,补血补气食物有哪些
2113,0,4款补血补气美味 让你美过大明星,补气的食物有哪些
2114,0,松露的产地来源,松露的营养价值
2115,0,松露的产地来源,有关松露的食用方法
2116,0,松露的产地来源,松露巧克力做法
2117,0,松露的产地来源,松露的营养有哪些
2118,0,松露的产地来源,白松露的吃法
2119,0,松露的产地来源,松露价格
2120,0,肌肤不均匀 改善肌肤从这入手,什么牌子紧致肌肤的好
2121,0,肌肤不均匀 改善肌肤从这入手,细腻肌肤吃出来
2122,0,肌肤不均匀 改善肌肤从这入手,紧致肌肤的护肤品
2123,0,肌肤不均匀 改善肌肤从这入手,紧致肌肤吃什么中药
2124,0,肌肤不均匀 改善肌肤从这入手,增加肌肤弹性食物
2125,0,肌肤不均匀 改善肌肤从这入手,美白肌肤吃什么呢
2126,0,肌肤不均匀 改善肌肤从这入手,紧致肌肤的方法
2127,0,肌肤不均匀 改善肌肤从这入手,紧致肌肤用什么方法最好
2128,0,肌肤不均匀 改善肌肤从这入手,肌肤的紧致肌肤
2129,0,肌肤不均匀 改善肌肤从这入手,敏感肌肤自制面膜
2130,0,干巴菌的做法,干巴菌的意思
2131,0,干巴菌的做法,干巴菌是什么
2132,0,干巴菌的做法,干巴菌的营养价值
2133,0,干巴菌的做法,干巴菌的功效与作用
2134,0,干巴菌的做法,干巴菌的营养价值有什么
2135,1,干巴菌的做法,干巴菌的做法大全
2136,0,干巴菌的做法,干巴菌炒苦了可以添加什么
2137,0,干巴菌的做法,干巴菌能降血压吗
2138,0,秋季美白保湿面膜,暖冬皮肤易干燥不重保湿老得快
2139,0,秋季美白保湿面膜,什么水果保湿效果好呢
2140,0,秋季美白保湿面膜,冬日必吃5种保湿去燥食品
2141,0,秋季美白保湿面膜,5种美肤药茶让你时刻保湿肌肤
2142,0,秋季美白保湿面膜,保湿水果多吃肌肤会水嫩
2143,0,秋季美白保湿面膜,10种保湿水果水润度秋
2144,0,秋季美白保湿面膜,这样保湿小心肌肤越来越干
2145,0,秋季美白保湿面膜,豆渣保湿面膜
2146,0,秋季美白保湿面膜,保湿抗燥7种水果最适宜
2147,0,秋季美白保湿面膜,先用保湿润肤露还是润肤乳
2148,0,6款番茄减肥食谱 让你吃出好身材,饮食20件事让你身体差
2149,0,6款番茄减肥食谱 让你吃出好身材,4款食谱让你轻松补铁
2150,0,6款番茄减肥食谱 让你吃出好身材,5种早餐吃法会让你折寿
2151,0,6款番茄减肥食谱 让你吃出好身材,食疗让你拥有完美乳房
2152,0,6款番茄减肥食谱 让你吃出好身材,三件能让你快乐的事
2153,0,6款番茄减肥食谱 让你吃出好身材,20件事让你身体越来越差
2154,0,6款番茄减肥食谱 让你吃出好身材,水果食疗让你大开眼界
2155,0,6款番茄减肥食谱 让你吃出好身材,这样饮食，让你一生不得癌！
2156,0,6款番茄减肥食谱 让你吃出好身材,经常吃它们让你更快衰老
2157,0,6款番茄减肥食谱 让你吃出好身材,男人肾虚六款食谱让你金枪不倒
2158,0,秋季如何快速全身美白,几种能美白的蔬菜
2159,0,秋季如何快速全身美白,天然美白方法
2160,0,秋季如何快速全身美白,食物美白偏方
2161,0,秋季如何快速全身美白,美白防晒面膜
2162,0,秋季如何快速全身美白,美白果汁
2163,0,秋季如何快速全身美白,花生美白牙齿
2164,0,秋季如何快速全身美白,美白肌肤吃什么呢
2165,0,秋季如何快速全身美白,美白问答篇
2166,0,秋季如何快速全身美白,美白紧肤面膜
2167,0,掌握5种技巧 让面膜效果加倍,滋润面膜：清香草莓面膜
2168,0,掌握5种技巧 让面膜效果加倍,美白面膜：小黄瓜面膜
2169,0,掌握5种技巧 让面膜效果加倍,美白面膜：珍珠粉面膜
2170,0,掌握5种技巧 让面膜效果加倍,滋润面膜：马铃薯润滑面膜
2171,0,掌握5种技巧 让面膜效果加倍,美白面膜：菊花面膜
2172,0,掌握5种技巧 让面膜效果加倍,美白面膜：苹果面膜
2173,0,掌握5种技巧 让面膜效果加倍,抗皱面膜：黄瓜面膜
2174,0,掌握5种技巧 让面膜效果加倍,清洁面膜：清爽苦瓜面膜
2175,0,掌握5种技巧 让面膜效果加倍,清洁面膜：黄瓜柠檬面膜
2176,0,掌握5种技巧 让面膜效果加倍,美白面膜：优酪乳面膜
2177,0,四季瘦身 一年四季都适合减肥的水果,柠檬水瘦身法跨越冬春两季
2178,0,豆腐搭配牛奶 轻松瘦身,减肥瘦身水果有哪些
2179,0,豆腐搭配牛奶 轻松瘦身,减肥瘦身果有哪些功效
2180,0,豆腐搭配牛奶 轻松瘦身,鸡蛋瘦身减肥
2181,0,豆腐搭配牛奶 轻松瘦身,瘦身减肥食谱有哪些
2182,0,豆腐搭配牛奶 轻松瘦身,果蔬汁减肥瘦身有哪些？
2183,0,豆腐搭配牛奶 轻松瘦身,果蔬汁减肥瘦身饮有哪些
2184,0,皮肤会变黑全是因为它们,让皮变黑的食物有哪些？
2185,0,皮肤会变黑全是因为它们,吃什么才能让白发变黑发呢
2186,0,皮肤会变黑全是因为它们,吃什么可以头发变黑
2187,0,皮肤会变黑全是因为它们,白发变黑发的食谱有什么
2188,0,皮肤会变黑全是因为它们,吃什么食物使头发变黑啊
2189,0,皮肤会变黑全是因为它们,乌发是什么意思是头发变黑吗？
2190,0,皮肤会变黑全是因为它们,哪些食物会使皮肤变黑?
2191,0,皮肤会变黑全是因为它们,有些人白发可以变黑
2192,0,皮肤会变黑全是因为它们,防止皮肤变黑应少吃什么
2193,0,酸奶加点料 甩掉小肚腩,五款茶饮去掉小肚腩
2194,0,酸奶加点料 甩掉小肚腩,果蔬减肥法让你远离小肚腩
2195,0,酸奶加点料 甩掉小肚腩,最易长小肚腩饮食
2196,0,酸奶加点料 甩掉小肚腩,易发胖长小肚腩饮食
2197,0,酸奶加点料 甩掉小肚腩,3步帮你轻松减掉小肚腩
2198,0,酸奶加点料 甩掉小肚腩,睡前睡后赶走小肚腩
2199,0,酸奶加点料 甩掉小肚腩,"蔬菜""降脂药""消除小肚腩"
2200,0,治疗女性月经量少的5大健康食谱,孕期食谱
2201,0,治疗女性月经量少的5大健康食谱,糖尿病人食谱
2202,0,治疗女性月经量少的5大健康食谱,家常菜食谱
2203,0,治疗女性月经量少的5大健康食谱,食谱家常菜
2204,0,治疗女性月经量少的5大健康食谱,豆浆机食谱
2205,0,治疗女性月经量少的5大健康食谱,营养食谱
2206,0,治疗女性月经量少的5大健康食谱,减肥食谱
2207,0,治疗女性月经量少的5大健康食谱,高血压食谱有哪些
2208,0,5款冠军茶 喝茶变苗条,这么吃苗条不长肉
2209,0,5款冠军茶 喝茶变苗条,控制食欲锁定苗条完美身型
2210,0,5款冠军茶 喝茶变苗条,六招苗条吃法
2211,0,5款冠军茶 喝茶变苗条,这些美食新妈妈越吃越苗条
2212,0,5款冠军茶 喝茶变苗条,苗条女性的奥秘
2213,0,5款冠军茶 喝茶变苗条,苗条身材是因为吃的杂？
2214,0,5款冠军茶 喝茶变苗条,苗条身材的“绝密档案”
2215,0,5款冠军茶 喝茶变苗条,八款蔬菜越吃越苗条
2216,0,5款冠军茶 喝茶变苗条,5个小窍门苗条吃出来
2217,0,5款冠军茶 喝茶变苗条,十大原则拥有苗条身材
2218,0,五款茶饮 去掉小肚腩,五款茶饮去掉小肚腩
2219,0,五款茶饮 去掉小肚腩,果蔬减肥法让你远离小肚腩
2220,0,五款茶饮 去掉小肚腩,最易长小肚腩饮食
2221,0,五款茶饮 去掉小肚腩,易发胖长小肚腩饮食
2222,0,五款茶饮 去掉小肚腩,3步帮你轻松减掉小肚腩
2223,0,五款茶饮 去掉小肚腩,睡前睡后赶走小肚腩
2224,0,五款茶饮 去掉小肚腩,"蔬菜""降脂药""消除小肚腩"
2225,0,消灭肚腩的四个饮食方案,这样吃最容易长肚腩
2226,0,消灭肚腩的四个饮食方案,小心！这样吃最容易长肚腩
2227,0,消灭肚腩的四个饮食方案,吃掉烦人的小肚腩
2228,0,消灭肚腩的四个饮食方案,牢记生活细节甩掉你的小肚腩
2229,0,消灭肚腩的四个饮食方案,消灭肚腩四个饮食方案
2230,0,消灭肚腩的四个饮食方案,5种食物轻松吃出小肚腩
2231,0,消灭肚腩的四个饮食方案,11种食物甩掉你的小肚腩
2232,0,消灭肚腩的四个饮食方案,六大吃法必平你小肚腩
2233,0,每天吃点菌类食品，营养加分,"给宝宝吃点""味冲""食物"
2234,0,每天吃点菌类食品，营养加分,吃点零食也养颜
2235,0,每天吃点菌类食品，营养加分,天气渐热多吃点酸味食物
2236,0,每天吃点菌类食品，营养加分,热天4类食物多吃点
2237,0,每天吃点菌类食品，营养加分,女性吃点肉可抗疲劳
2238,0,每天吃点菌类食品，营养加分,五种食物最好每天吃点
2239,0,每天吃点菌类食品，营养加分,过年吃点什么好呢..
2240,0,每天吃点菌类食品，营养加分,高中生可以吃点什么益智补脑？
2241,0,每天吃点菌类食品，营养加分,孕妇吃点坚果益处多
2242,0,每天吃点菌类食品，营养加分,白领丽人应吃点什么？
2243,0,十种食品 打造零毛孔美人,巧用四种食物解决毛孔问题
2244,0,十种食品 打造零毛孔美人,这些食品结合毛孔通通不见了
2245,0,十种食品 打造零毛孔美人,4种食物解决毛孔问题
2246,0,十种食品 打造零毛孔美人,5个护肤小日常毛孔去无踪
2247,0,十种食品 打造零毛孔美人,润肤露会不会堵塞毛孔
2248,0,十种食品 打造零毛孔美人,可以收缩毛孔的水果有哪些
2249,0,十种食品 打造零毛孔美人,便宜食物搞定毛孔粗大
2250,0,十种食品 打造零毛孔美人,腋下毛孔堵塞的治疗方法
2251,0,十种食品 打造零毛孔美人,抗皱面膜：收缩毛孔面膜
2252,0,十种食品 打造零毛孔美人,毛孔粗大吃什么水果好
2253,0,5大减肥技巧 让你越吃越瘦,让你越喝越瘦的神奇饮品
2254,0,5大减肥技巧 让你越吃越瘦,越吃越瘦的东西有哪些呢
2255,0,5大减肥技巧 让你越吃越瘦,越吃越瘦的7个饮食秘诀！
2256,0,5大减肥技巧 让你越吃越瘦,瘦腿计划
2257,0,5大减肥技巧 让你越吃越瘦,六种越吃越瘦的营养食物
2258,0,5大减肥技巧 让你越吃越瘦,让你越吃越瘦的15种食物
2259,0,5大减肥技巧 让你越吃越瘦,越吃越瘦的食物
2260,0,5大减肥技巧 让你越吃越瘦,越吃越瘦的五谷杂粮，吃着吃着就瘦了
2261,0,5大减肥技巧 让你越吃越瘦,越吃越瘦的吃饭原则
2262,0,5大减肥技巧 让你越吃越瘦,14种越吃越瘦的食物
2263,0,牙齿美白小窍门 让你笑口常开,牙齿美白小窍门让你笑口常开
2264,0,牙齿美白小窍门 让你笑口常开,开口笑饮开口笑笑口常开的下句
2265,0,牙齿美白小窍门 让你笑口常开,十种食物美白牙齿，让您笑口常开
2266,0,减肥食物 16种减肥食物排行榜,减肥日程
2267,0,减肥食物 16种减肥食物排行榜,减肥食品
2268,0,减肥食物 16种减肥食物排行榜,减肥餐
2269,0,减肥食物 16种减肥食物排行榜,减肥减肥减肥减肥
2270,0,减肥食物 16种减肥食物排行榜,减肥食谱
2271,0,减肥食物 16种减肥食物排行榜,减肥蔬菜
2272,0,减肥食物 16种减肥食物排行榜,减肥计划
2273,0,减肥食物 16种减肥食物排行榜,减肥方法
2274,0,减肥食物 16种减肥食物排行榜,减肥蔬菜什么蔬菜减肥
2275,0,轻易祛斑小妙招：丝瓜调和蜂蜜,祛斑吃什么食物调理
2276,0,轻易祛斑小妙招：丝瓜调和蜂蜜,有哪些食物可以祛斑
2277,0,轻易祛斑小妙招：丝瓜调和蜂蜜,祛斑的食物
2278,0,轻易祛斑小妙招：丝瓜调和蜂蜜,祛斑有哪几种有效的方法
2279,0,轻易祛斑小妙招：丝瓜调和蜂蜜,柠檬水可以祛斑美容
2280,0,轻易祛斑小妙招：丝瓜调和蜂蜜,吃什么水果祛斑？
2281,0,轻易祛斑小妙招：丝瓜调和蜂蜜,祛斑的食物有哪些M
2282,0,轻易祛斑小妙招：丝瓜调和蜂蜜,吃什么食物可以祛斑
2283,0,美肤瘦身多吃豆类食品,十大天然美肤水果
2284,0,美肤瘦身多吃豆类食品,厨房中的美肤计划
2285,0,美肤瘦身多吃豆类食品,推荐用水果蔬菜将美肤进行到底
2286,0,美肤瘦身多吃豆类食品,自制美肤面膜
2287,0,美肤瘦身多吃豆类食品,美白面膜：海藻美肤面膜
2288,0,美肤瘦身多吃豆类食品,了解女人的十大天然美肤水果
2289,0,美肤瘦身多吃豆类食品,水果美肤成效排行榜
2290,0,美肤瘦身多吃豆类食品,堪比化妆品的十大美肤水果
2291,0,美肤瘦身多吃豆类食品,瘦身美肤最给力的食物
2292,0,美肤瘦身多吃豆类食品,咖啡因的作用，美肤效果好
2293,0,乳酸菌的作用与功效,乳酸菌的功效和作用
2294,0,乳酸菌的作用与功效,乳酸菌的用量
2295,0,乳酸菌的作用与功效,乳酸菌的副作用
2296,0,乳酸菌的作用与功效,哪些人不宜食用乳酸菌？乳酸菌的副作用有哪些?
2297,0,乳酸菌的作用与功效,乳酸菌的作用与功效有哪些呢
2298,0,乳酸菌的作用与功效,活性乳酸菌
2299,0,乳酸菌的作用与功效,乳酸菌是什么
2300,0,乳酸菌的作用与功效,乳酸菌的药用价值
2301,0,乳酸菌的作用与功效,乳酸菌饮品
2302,0,食疗还是保健品 女性应该怎样补充胶原蛋白,气虚食疗方法有哪些
2303,0,食疗还是保健品 女性应该怎样补充胶原蛋白,尿道炎食疗
2304,0,食疗还是保健品 女性应该怎样补充胶原蛋白,气管炎食疗
2305,0,食疗还是保健品 女性应该怎样补充胶原蛋白,中医食疗药膳有哪些
2306,0,食疗还是保健品 女性应该怎样补充胶原蛋白,干眼症有哪些食疗方法
2307,0,食疗还是保健品 女性应该怎样补充胶原蛋白,肝囊肿食疗
2308,0,食疗还是保健品 女性应该怎样补充胶原蛋白,低血压食疗有哪些
2309,0,食疗还是保健品 女性应该怎样补充胶原蛋白,胃病食疗
2310,0,食疗还是保健品 女性应该怎样补充胶原蛋白,胆囊炎食疗
2311,0,食疗还是保健品 女性应该怎样补充胶原蛋白,月经期食疗
2312,0,敏感肌MM春季护肤注意5件事,不得不做的饭前3件事
2313,0,敏感肌MM春季护肤注意5件事,女人饭后不能做的9件事
2314,0,敏感肌MM春季护肤注意5件事,女人每天必须做好五件事
2315,0,敏感肌MM春季护肤注意5件事,尽早学会这八件事
2316,0,敏感肌MM春季护肤注意5件事,养肝做好6件事
2317,0,敏感肌MM春季护肤注意5件事,预防皱纹必做7件事
2318,0,敏感肌MM春季护肤注意5件事,吃饭时最忌讳的4件事
2319,0,敏感肌MM春季护肤注意5件事,酒后不能做的5件事
2320,0,敏感肌MM春季护肤注意5件事,餐厅绝不会告诉你的9件事
2321,0,敏感肌MM春季护肤注意5件事,很容易被误解饮食10件事
2322,0,喝点红豆水帮你消肿瘦脸,吃什么蔬菜可以瘦脸啊
2323,0,喝点红豆水帮你消肿瘦脸,饮食瘦脸有方法
2324,0,喝点红豆水帮你消肿瘦脸,瘦脸的一些水果
2325,0,喝点红豆水帮你消肿瘦脸,吃什么食物可以瘦脸？
2326,0,喝点红豆水帮你消肿瘦脸,5道瘦脸美食
2327,0,喝点红豆水帮你消肿瘦脸,瘦脸吃什么水果呢？
2328,0,喝点红豆水帮你消肿瘦脸,瘦脸的水果有哪些呢
2329,0,喝点红豆水帮你消肿瘦脸,瘦脸吃什么好
2330,0,喝点红豆水帮你消肿瘦脸,这些饮食习惯可以瘦脸？
2331,0,喝点红豆水帮你消肿瘦脸,喝什么瘦脸呢
2332,0,3大减肥食谱 高效燃脂瘦身,减肥瘦身水果有哪些
2333,0,3大减肥食谱 高效燃脂瘦身,减肥瘦身果有哪些功效
2334,0,3大减肥食谱 高效燃脂瘦身,鸡蛋瘦身减肥
2335,0,3大减肥食谱 高效燃脂瘦身,瘦身减肥食谱有哪些
2336,0,3大减肥食谱 高效燃脂瘦身,果蔬汁减肥瘦身有哪些？
2337,0,3大减肥食谱 高效燃脂瘦身,果蔬汁减肥瘦身饮有哪些
2338,0,7个食疗小偏方吃脸上斑斑点点,五种“水”喝掉脸上斑斑点点
2339,0,祛斑吃什么？ 3种果蔬帮你忙,祛斑吃什么食物调理
2340,0,祛斑吃什么？ 3种果蔬帮你忙,有哪些食物可以祛斑
2341,0,祛斑吃什么？ 3种果蔬帮你忙,祛斑的食物
2342,0,祛斑吃什么？ 3种果蔬帮你忙,祛斑有哪几种有效的方法
2343,0,祛斑吃什么？ 3种果蔬帮你忙,柠檬水可以祛斑美容
2344,0,祛斑吃什么？ 3种果蔬帮你忙,吃什么水果祛斑？
2345,0,祛斑吃什么？ 3种果蔬帮你忙,祛斑的食物有哪些M
2346,0,祛斑吃什么？ 3种果蔬帮你忙,吃什么食物可以祛斑
2347,0,嘴巴周围长痘怎么办 这样做巧妙去痘,关于男士去痘
2348,0,嘴巴周围长痘怎么办 这样做巧妙去痘,吃什么食物可以有效的排毒，去痘？
2349,0,嘴巴周围长痘怎么办 这样做巧妙去痘,10偏方快速美白去痘
2350,0,嘴巴周围长痘怎么办 这样做巧妙去痘,去痘饮食注意三多两忌
2351,0,春季减肥4大问 排毒帮你减体重,哪种家常菜可以排毒？
2352,0,春季减肥4大问 排毒帮你减体重,排毒的食物有哪些
2353,0,春季减肥4大问 排毒帮你减体重,排毒效果
2354,0,春季减肥4大问 排毒帮你减体重,什么食品排毒
2355,0,春季减肥4大问 排毒帮你减体重,吃什么排毒
2356,0,春季减肥4大问 排毒帮你减体重,什么是排毒
2357,0,春季减肥4大问 排毒帮你减体重,什么果汁排毒
2358,0,女人必备的黄金食物,营养午餐必备食物
2359,0,女人必备的黄金食物,减肥必备晚餐
2360,0,女人必备的黄金食物,烧烤需要哪些必备材料
2361,0,女人必备的黄金食物,厨房必备调料
2362,0,女人必备的黄金食物,养生必备3字秘籍
2363,0,女人必备的黄金食物,早餐必备的四要素
2364,0,女人必备的黄金食物,男性必备营养食品
2365,0,怎样消除妊娠纹,三款美食远离妊娠纹
2366,0,怎样消除妊娠纹,用美食对抗孕妈咪妊娠纹
2367,0,怎样消除妊娠纹,吃什么可有效去妊娠纹
2368,0,怎样消除妊娠纹,3款美食让孕妇远离妊娠纹
2369,0,怎样消除妊娠纹,月子美食巧妙去除妊娠纹！
2370,0,黑木耳的功效与作用,黑木耳禁忌有哪些
2371,1,黑木耳的功效与作用,黑木耳的营养
2372,0,黑木耳的功效与作用,哪些女星被爆黑木耳
2373,0,黑木耳的功效与作用,东北黑木耳有哪些功效
2374,0,黑木耳的功效与作用,什么是黑木耳
2375,0,黑木耳的功效与作用,黑木耳沾什么好吃
2376,1,黑木耳的功效与作用,黑木耳的特点
2377,0,减肥食谱可不能少了苦瓜,苦瓜的做法有哪些
2378,0,减肥食谱可不能少了苦瓜,苦瓜的副作用有哪些
2379,0,减肥食谱可不能少了苦瓜,苦瓜种植方法
2380,0,减肥食谱可不能少了苦瓜,苦瓜做法
2381,0,减肥食谱可不能少了苦瓜,苦瓜有哪些药用价值
2382,0,减肥食谱可不能少了苦瓜,苦瓜吃法
2383,0,减肥食谱可不能少了苦瓜,苦瓜阅读答案
2384,0,减肥食谱可不能少了苦瓜,苦瓜的价值有哪些
2385,0,减肥食谱可不能少了苦瓜,苦瓜的坏处有哪些
2386,0,适合减肥的九款低热量食物,减肥日程
2387,0,适合减肥的九款低热量食物,减肥食品
2388,0,适合减肥的九款低热量食物,减肥餐
2389,0,适合减肥的九款低热量食物,减肥减肥减肥减肥
2390,0,适合减肥的九款低热量食物,减肥食谱
2391,0,适合减肥的九款低热量食物,减肥蔬菜
2392,0,适合减肥的九款低热量食物,减肥计划
2393,0,适合减肥的九款低热量食物,减肥方法
2394,0,适合减肥的九款低热量食物,减肥蔬菜什么蔬菜减肥
2395,0,留住芳华 只需这6款高颜值粥品,留住芳华只需这6款高颜值粥品
2396,0,吃素减肥不可取,用果汁代替水果不可取
2397,0,吃素减肥不可取,为了宝宝的健康5种儿童早餐不可取
2398,0,吃素减肥不可取,肉过量和拒食肉均不可取
2399,0,吃素减肥不可取,5种早餐吃法不可取
2400,0,吃素减肥不可取,一杯茶从早泡到晚不可取!
2401,0,不避开这6大误区 美白就白做了,儿童饮食误区多
2402,0,不避开这6大误区 美白就白做了,走出饮食误区
2403,0,不避开这6大误区 美白就白做了,点菜八大误区
2404,0,不避开这6大误区 美白就白做了,补血食品到底有哪些，走出六误区
2405,0,不避开这6大误区 美白就白做了,我们养生的误区有哪些？
2406,0,不避开这6大误区 美白就白做了,饮食营养十误区
2407,0,不避开这6大误区 美白就白做了,饮食习惯新误区
2408,0,不避开这6大误区 美白就白做了,孩子的饮食误区
2409,0,不避开这6大误区 美白就白做了,女性养生补血的常见误区有哪些？
2410,0,松茸的功效及做法,松茸哪个好？
2411,0,松茸的功效及做法,松茸可以养殖吗
2412,0,松茸的功效及做法,松茸的功效
2413,0,松茸的功效及做法,松茸的保存
2414,0,松茸的功效及做法,松茸是什么
2415,0,松茸的功效及做法,松茸的做法
2416,0,吃白菜能减肥？ 这样吃才有效,柑橘的止咳生津之效
2417,0,吃白菜能减肥？ 这样吃才有效,最强效减肥食品大揭晓
2418,0,吃白菜能减肥？ 这样吃才有效,马铃薯的药用价值高马铃薯抗菌效
2419,0,吃白菜能减肥？ 这样吃才有效,三步超强效表情瘦脸大法
2420,0,吃白菜能减肥？ 这样吃才有效,有补钙之效的家常菜
2421,0,吃白菜能减肥？ 这样吃才有效,咳嗽吃什么好的快这些食疗方法效
2422,0,哪些食物可以越吃越白,越吃越白的饮食三秘方
2423,0,哪些食物可以越吃越白,饼干越硬越健康
2424,0,哪些食物可以越吃越白,番茄越红越营养
2425,0,哪些食物可以越吃越白,让女性越吃越白的三大秘方
2426,0,哪些食物可以越吃越白,女性越吃越白的美白饮食
2427,0,哪些食物可以越吃越白,美牙：九种食物让你越吃牙越白
2428,0,丰胸食材 多吃这些让您风韵犹存,江海风韵大酒楼的评价
2429,0,丰胸食材 多吃这些让您风韵犹存,闽菜的闽菜风韵
2430,0,不同血型的减肥食谱,孕期食谱
2431,0,不同血型的减肥食谱,糖尿病人食谱
2432,0,不同血型的减肥食谱,家常菜食谱
2433,0,不同血型的减肥食谱,食谱家常菜
2434,0,不同血型的减肥食谱,豆浆机食谱
2435,0,不同血型的减肥食谱,营养食谱
2436,0,不同血型的减肥食谱,减肥食谱
2437,0,不同血型的减肥食谱,高血压食谱有哪些
2438,0,平菇的营养价值及功效,平菇是发物么
2439,0,平菇的营养价值及功效,平菇的介绍
2440,0,平菇的营养价值及功效,平菇和什么相克
2441,0,平菇的营养价值及功效,平菇需要焯水吗
2442,0,平菇的营养价值及功效,平菇的做法
2443,0,平菇的营养价值及功效,平菇培养基
2444,0,平菇的营养价值及功效,平菇是什么？
2445,0,平菇的营养价值及功效,蚝油焖平菇
2446,0,平菇的营养价值及功效,平菇鸡蛋汤
2447,0,教你只花4分钟 炮制减肥早餐,紫苏叶炮制方法有哪些
2448,0,教你只花4分钟 炮制减肥早餐,儿童节，为孩子炮制一顿水果餐
2449,0,教你只花4分钟 炮制减肥早餐,柴胡的炮制方法是什么？
2450,0,教你只花4分钟 炮制减肥早餐,壁虎的炮制方法有什么
2451,0,教你只花4分钟 炮制减肥早餐,黄精的炮制方法是什么
2452,0,秋季护肤 美白防晒不能停,哪些食物能防晒
2453,0,秋季护肤 美白防晒不能停,防晒食物吃什么？
2454,0,秋季护肤 美白防晒不能停,四类中药防晒又养生
2455,0,秋季护肤 美白防晒不能停,妙吃水果的防晒护理
2456,0,秋季护肤 美白防晒不能停,美白防晒面膜
2457,0,秋季护肤 美白防晒不能停,夏季必吃10种防晒食物
2458,0,秋季护肤 美白防晒不能停,夏季必吃防晒食物
2459,0,秋季护肤 美白防晒不能停,年龄不同防晒不一样
2460,0,秋季护肤 美白防晒不能停,多吃蕃茄可防晒
2461,0,秋季护肤 美白防晒不能停,八大防晒水果
2462,0,天然刮油减脂食物有哪些呢？,天然刮油减脂食物
2463,0,为爱美女性搭配合理美容餐,职工餐菜谱
2464,0,为爱美女性搭配合理美容餐,苹果餐减肥法
2465,0,为爱美女性搭配合理美容餐,减肥餐
2466,0,为爱美女性搭配合理美容餐,月子餐的饮食禁忌有哪些
2467,0,为爱美女性搭配合理美容餐,三餐营养食谱有哪些
2468,0,为爱美女性搭配合理美容餐,产妇月子餐有哪些？
2469,0,为爱美女性搭配合理美容餐,排毒瘦身餐
2470,0,为爱美女性搭配合理美容餐,员工餐菜谱
2471,0,为爱美女性搭配合理美容餐,宝宝餐
2472,0,为爱美女性搭配合理美容餐,三餐美人计
2473,0,春季防晒的几个小窍门,养发有什么小窍门呢
2474,0,春季防晒的几个小窍门,特色东北菜有哪些窍门
2475,0,春季防晒的几个小窍门,在家腌鱼有什么窍门
2476,0,春季防晒的几个小窍门,小窍门买鱼虾
2477,0,春季防晒的几个小窍门,烹调鱼的窍门有哪些
2478,0,春季防晒的几个小窍门,饮食减肥小窍门
2479,0,春季防晒的几个小窍门,冰箱去异味小窍门有哪些呢
2480,0,春季防晒的几个小窍门,生活小窍门大全
2481,0,春季防晒的几个小窍门,汤圆煮法有什么窍门？
2482,0,春季防晒的几个小窍门,烹饪土豆小窍门
2483,0,喝它可排毒 久服可轻身,黄瓜把儿别扔可排毒养颜
2484,0,喝它可排毒 久服可轻身,黄瓜把儿可排毒养颜
2485,0,青苹果防止肥胖,青苹果是什么味道？
2486,0,青苹果防止肥胖,青苹果的养殖方法
2487,0,青苹果防止肥胖,青苹果有什么营养？
2488,0,青苹果防止肥胖,青苹果的保鲜方法有哪些
2489,0,青苹果防止肥胖,青苹果像什么比喻句
2490,0,青苹果防止肥胖,青苹果乐园的歌词
2491,0,青苹果防止肥胖,吃青苹果有什么好处
2492,0,青苹果防止肥胖,梦见青苹果是什么预兆
2493,0,青苹果防止肥胖,青苹果有什么好处？
2494,0,染发的4大危害 一不小心可致癌,有哪些中草药具有乌发染发的功效
2495,0,染发的4大危害 一不小心可致癌,染发的4大危害一不小心可致癌
2496,0,染发的4大危害 一不小心可致癌,5个注意事项将染发伤害降到最低
2497,0,染发的4大危害 一不小心可致癌,染发避开这4条否则会毁容
2498,0,减肥要健康 10种小秘方帮你解决,日常饮品帮你预防疾病
2499,0,减肥要健康 10种小秘方帮你解决,天然蔬菜可以帮你养生
2500,0,减肥要健康 10种小秘方帮你解决,7食物帮你调节内分泌
2501,0,减肥要健康 10种小秘方帮你解决,消化不良这些茶能帮你
2502,0,减肥要健康 10种小秘方帮你解决,水果帮你解决便秘烦恼
2503,0,减肥要健康 10种小秘方帮你解决,食物帮你除臭
2504,0,减肥要健康 10种小秘方帮你解决,美食帮你减肥
2505,0,减肥要健康 10种小秘方帮你解决,这些食物帮你保护肝脏
2506,0,减肥要健康 10种小秘方帮你解决,不同颜色食物帮你减肥
2507,0,减肥要健康 10种小秘方帮你解决,帮你挑选减压食品
2508,0,4种饮食法 专门瘦小腹,饮食禁忌
2509,0,4种饮食法 专门瘦小腹,怀孕期饮食
2510,0,4种饮食法 专门瘦小腹,关于饮食
2511,0,4种饮食法 专门瘦小腹,哪些饮食缓解老人高血压
2512,0,4种饮食法 专门瘦小腹,高血压要注意哪些饮食
2513,0,4种饮食法 专门瘦小腹,贫血饮食禁忌有哪些
2514,0,4种饮食法 专门瘦小腹,脑溢血饮食
2515,0,4种饮食法 专门瘦小腹,甲状腺炎饮食
2516,0,不长肉的肉食瘦身餐,不长肉还排毒的食物
2517,0,不长肉的肉食瘦身餐,吃啥食物饱腹不长肉
2518,0,不长肉的肉食瘦身餐,低卡不长肉！20款最佳减肥零食
2519,0,减肥效果最佳的3个时间,减肥日程
2520,0,减肥效果最佳的3个时间,减肥食品
2521,0,减肥效果最佳的3个时间,减肥餐
2522,0,减肥效果最佳的3个时间,减肥减肥减肥减肥
2523,0,减肥效果最佳的3个时间,减肥食谱
2524,0,减肥效果最佳的3个时间,减肥蔬菜
2525,0,减肥效果最佳的3个时间,减肥计划
2526,0,减肥效果最佳的3个时间,减肥方法
2527,0,减肥效果最佳的3个时间,减肥蔬菜什么蔬菜减肥
2528,0,推荐三款玉米养颜食谱 让皮肤白亮起来,4种水果吃出白亮好皮肤
2529,0,推荐三款玉米养颜食谱 让皮肤白亮起来,皮肤白亮润燥好皮肤是吃出来的
2530,0,吃蔬菜沙拉可以减肥吗 原来是这么回事儿,蔬菜沙拉食谱有哪些
2531,0,吃蔬菜沙拉可以减肥吗 原来是这么回事儿,做蔬菜沙拉适合用什么酱
2532,0,吃蔬菜沙拉可以减肥吗 原来是这么回事儿,DIY健康蔬菜沙拉
2533,0,吃蔬菜沙拉可以减肥吗 原来是这么回事儿,蔬菜沙拉里面都有哪些蔬菜啊？
2534,0,吃蔬菜沙拉可以减肥吗 原来是这么回事儿,蔬菜沙拉调料有哪些
2535,0,吃蔬菜沙拉可以减肥吗 原来是这么回事儿,蔬菜沙拉的配料
2536,0,吃蔬菜沙拉可以减肥吗 原来是这么回事儿,制做蔬菜沙拉的方法是什么
2537,0,吃蔬菜沙拉可以减肥吗 原来是这么回事儿,适合做蔬菜沙拉的蔬菜有哪些呢
2538,0,吃蔬菜沙拉可以减肥吗 原来是这么回事儿,蔬菜沙拉需要什么蔬菜呢
2539,0,吃蔬菜沙拉可以减肥吗 原来是这么回事儿,蔬菜沙拉和什么配
2540,0,怎么防治黄褐斑，不做“黄脸婆”,桃红四物汤能去黄褐斑？
2541,0,怎么防治黄褐斑，不做“黄脸婆”,去黄褐斑吃什么好？专家为你推荐这9种！
2542,0,怎么防治黄褐斑，不做“黄脸婆”,去黄褐斑吃哪种花粉？
2543,0,怎么防治黄褐斑，不做“黄脸婆”,对付黄褐斑薏米内外有方
2544,0,怎么防治黄褐斑，不做“黄脸婆”,治疗黄褐斑喝鸭汤就对了
2545,0,怎么防治黄褐斑，不做“黄脸婆”,吃玫瑰花可以防治黄褐斑
2546,0,怎么防治黄褐斑，不做“黄脸婆”,巧吃玫瑰花“赶走”黄褐斑
2547,0,秋季吃枣 美白抗衰老,几种能美白的蔬菜
2548,0,秋季吃枣 美白抗衰老,天然美白方法
2549,0,秋季吃枣 美白抗衰老,食物美白偏方
2550,0,秋季吃枣 美白抗衰老,美白防晒面膜
2551,0,秋季吃枣 美白抗衰老,美白果汁
2552,0,秋季吃枣 美白抗衰老,花生美白牙齿
2553,0,秋季吃枣 美白抗衰老,美白肌肤吃什么呢
2554,0,秋季吃枣 美白抗衰老,美白问答篇
2555,0,秋季吃枣 美白抗衰老,美白紧肤面膜
2556,0,3款美容食谱,孕期食谱
2557,0,3款美容食谱,糖尿病人食谱
2558,0,3款美容食谱,家常菜食谱
2559,0,3款美容食谱,食谱家常菜
2560,0,3款美容食谱,豆浆机食谱
2561,0,3款美容食谱,营养食谱
2562,0,3款美容食谱,减肥食谱
2563,0,3款美容食谱,高血压食谱有哪些
2564,0,吃出小蛮腰的瘦身餐（）,减肥瘦身水果有哪些
2565,0,吃出小蛮腰的瘦身餐（）,减肥瘦身果有哪些功效
2566,0,吃出小蛮腰的瘦身餐（）,鸡蛋瘦身减肥
2567,0,吃出小蛮腰的瘦身餐（）,瘦身减肥食谱有哪些
2568,0,吃出小蛮腰的瘦身餐（）,果蔬汁减肥瘦身有哪些？
2569,0,吃出小蛮腰的瘦身餐（）,果蔬汁减肥瘦身饮有哪些
2570,0,8种食物能轻松消除小肚腩,五款茶饮去掉小肚腩
2571,0,8种食物能轻松消除小肚腩,果蔬减肥法让你远离小肚腩
2572,0,8种食物能轻松消除小肚腩,最易长小肚腩饮食
2573,0,8种食物能轻松消除小肚腩,易发胖长小肚腩饮食
2574,0,8种食物能轻松消除小肚腩,3步帮你轻松减掉小肚腩
2575,0,8种食物能轻松消除小肚腩,睡前睡后赶走小肚腩
2576,0,8种食物能轻松消除小肚腩,"蔬菜""降脂药""消除小肚腩"
2577,0,安利7款减肥粥 解决各种肥胖体质,不当的饮食方式导致肥胖
2578,0,安利7款减肥粥 解决各种肥胖体质,产后肥胖的定义
2579,0,安利7款减肥粥 解决各种肥胖体质,孩子肥胖原因有哪些
2580,0,安利7款减肥粥 解决各种肥胖体质,拒绝肥胖拒绝5点
2581,0,安利7款减肥粥 解决各种肥胖体质,短期肥胖的原因是什么
2582,0,安利7款减肥粥 解决各种肥胖体质,肥胖儿童应科学选择食品
2583,0,安利7款减肥粥 解决各种肥胖体质,五种食物告别肥胖
2584,0,安利7款减肥粥 解决各种肥胖体质,肥胖孕妇的饮食注意
2585,0,安利7款减肥粥 解决各种肥胖体质,这些因素导致肥胖
2586,0,安利7款减肥粥 解决各种肥胖体质,身体里缺乏这些最容易肥胖
2587,0,银耳的营养价值,哪些人不宜吃银耳
2588,0,银耳的营养价值,银耳的做法有几种
2589,0,银耳的营养价值,银耳的吃法有哪些
2590,0,银耳的营养价值,吃银耳有哪些禁忌
2591,1,银耳的营养价值,银耳有哪些好处？
2592,0,银耳的营养价值,银耳有哪些吃法？
2593,0,银耳的营养价值,银耳红枣汤
2594,0,银耳的营养价值,银耳有哪些做法?
2595,0,银耳的营养价值,银耳是什么
2596,0,控制饭量 保持体重,餐前吃梨控制饭量
2597,0,控制饭量 保持体重,饭量太小破坏肠道菌群平衡
2598,0,控制饭量 保持体重,健康饭量和营养平衡
2599,0,控制饭量 保持体重,控制饭量保持体重
2600,0,牛肝菌的功效与作用及做法,什么牛肝菌最好
2601,0,牛肝菌的功效与作用及做法,牛肝菌那个品种最好
2602,0,牛肝菌的功效与作用及做法,牛肝菌的作用
2603,0,牛肝菌的功效与作用及做法,牛肝菌的栽培技术
2604,0,牛肝菌的功效与作用及做法,牛肝菌是什么
2605,0,牛肝菌的功效与作用及做法,美味牛肝菌
2606,0,牛肝菌的功效与作用及做法,牛肝菌的做法
2607,0,牛肝菌的功效与作用及做法,鲜牛肝菌的做法
2608,0,牛肝菌的功效与作用及做法,牛肝菌是什么呢
2609,0,睡前几个动作甩掉大肚腩,造成大肚腩的最大原因
2610,0,睡前几个动作甩掉大肚腩,"4类食物排毒,跟大肚腩说拜拜"
2611,0,睡前几个动作甩掉大肚腩,吃对食物不惧大肚腩
2612,0,8个饮食原则 让你怎么吃都不胖,饮食禁忌
2613,0,8个饮食原则 让你怎么吃都不胖,怀孕期饮食
2614,0,8个饮食原则 让你怎么吃都不胖,关于饮食
2615,0,8个饮食原则 让你怎么吃都不胖,哪些饮食缓解老人高血压
2616,0,8个饮食原则 让你怎么吃都不胖,高血压要注意哪些饮食
2617,0,8个饮食原则 让你怎么吃都不胖,贫血饮食禁忌有哪些
2618,0,8个饮食原则 让你怎么吃都不胖,脑溢血饮食
2619,0,8个饮食原则 让你怎么吃都不胖,甲状腺炎饮食
2620,0,每天一顿杂粮可以抗衰老,除湿应吃哪些杂粮好
2621,0,每天一顿杂粮可以抗衰老,什么是杂粮
2622,0,每天一顿杂粮可以抗衰老,杂粮有哪些种类？
2623,0,每天一顿杂粮可以抗衰老,杂粮的功效有哪些？
2624,0,每天一顿杂粮可以抗衰老,五谷杂粮有哪些
2625,0,每天一顿杂粮可以抗衰老,有机五谷杂粮有哪些
2626,0,每天一顿杂粮可以抗衰老,哪些杂粮是碱性的
2627,0,每天一顿杂粮可以抗衰老,杂粮有哪些
2628,0,牛肝菌的营养价值,什么牛肝菌最好
2629,0,牛肝菌的营养价值,牛肝菌那个品种最好
2630,1,牛肝菌的营养价值,牛肝菌的作用
2631,0,牛肝菌的营养价值,牛肝菌的栽培技术
2632,0,牛肝菌的营养价值,牛肝菌是什么
2633,0,牛肝菌的营养价值,美味牛肝菌
2634,0,牛肝菌的营养价值,牛肝菌的做法
2635,0,牛肝菌的营养价值,鲜牛肝菌的做法
2636,0,牛肝菌的营养价值,牛肝菌是什么呢
2637,0,这种减肥泡菜 三分钟搞定,节后消化不良8招搞定
2638,0,这种减肥泡菜 三分钟搞定,6款食谱搞定各种肾虚
2639,0,这种减肥泡菜 三分钟搞定,8招搞定消化不良
2640,0,这种减肥泡菜 三分钟搞定,便宜食物搞定毛孔粗大
2641,0,这种减肥泡菜 三分钟搞定,四个小偏方搞定口腔溃疡
2642,0,这种减肥泡菜 三分钟搞定,脚气困扰—柳橙轻松搞定
2643,0,这种减肥泡菜 三分钟搞定,四招搞定胎儿口味
2644,0,这种减肥泡菜 三分钟搞定,吃水果搞定常见毛病
2645,0,这种减肥泡菜 三分钟搞定,挑选新鲜蔬菜三招搞定
2646,0,想要祛斑？多吃绿豆百合,祛斑吃什么食物调理
2647,0,想要祛斑？多吃绿豆百合,有哪些食物可以祛斑
2648,0,想要祛斑？多吃绿豆百合,祛斑的食物
2649,0,想要祛斑？多吃绿豆百合,祛斑有哪几种有效的方法
2650,0,想要祛斑？多吃绿豆百合,柠檬水可以祛斑美容
2651,0,想要祛斑？多吃绿豆百合,吃什么水果祛斑？
2652,0,想要祛斑？多吃绿豆百合,祛斑的食物有哪些M
2653,0,想要祛斑？多吃绿豆百合,吃什么食物可以祛斑
2654,0,帮助你快速减肥的五个方法,减肥日程
2655,0,帮助你快速减肥的五个方法,减肥食品
2656,0,帮助你快速减肥的五个方法,减肥餐
2657,0,帮助你快速减肥的五个方法,减肥减肥减肥减肥
2658,0,帮助你快速减肥的五个方法,减肥食谱
2659,0,帮助你快速减肥的五个方法,减肥蔬菜
2660,0,帮助你快速减肥的五个方法,减肥计划
2661,0,帮助你快速减肥的五个方法,减肥方法
2662,0,帮助你快速减肥的五个方法,减肥蔬菜什么蔬菜减肥
2663,0,巧克力是美容神器 但是不宜多吃,6种东西是护肤神器
2664,0,巧克力是美容神器 但是不宜多吃,小心食物酱料里的长肉神器
2665,0,巧克力是美容神器 但是不宜多吃,减压神器是什么意思
2666,0,巧克力是美容神器 但是不宜多吃,排毒八大神器
2667,0,巧克力是美容神器 但是不宜多吃,补钙食品多吃多健康的补钙神器
2668,0,巧克力是美容神器 但是不宜多吃,抗癌神器——12种水产品
2669,0,巧克力是美容神器 但是不宜多吃,这3种食物竟是护发神器
2670,0,改善干燥 春季多吃胡萝卜,胡萝卜的引入
2671,0,改善干燥 春季多吃胡萝卜,胡萝卜的营养
2672,0,改善干燥 春季多吃胡萝卜,胡萝卜英文什么
2673,0,改善干燥 春季多吃胡萝卜,胡萝卜稀饭
2674,0,改善干燥 春季多吃胡萝卜,胡萝卜的介绍
2675,0,改善干燥 春季多吃胡萝卜,胡萝卜的味道
2676,0,改善干燥 春季多吃胡萝卜,紫色胡萝卜
2677,0,改善干燥 春季多吃胡萝卜,胡萝卜咸菜做法
2678,0,改善干燥 春季多吃胡萝卜,胡萝卜的做法
2679,0,春季美颜的4种食材,美颜瘦身粥
2680,0,春季美颜的4种食材,十种食物美颜抗衰老
2681,0,春季美颜的4种食材,吃什么食物可以美颜？
2682,0,春季美颜的4种食材,女人最佳美颜食谱
2683,0,春季美颜的4种食材,电脑族美颜润肤食谱
2684,0,春季美颜的4种食材,10种方法有助于女性美颜
2685,0,春季美颜的4种食材,女性要美颜饮食要低盐
2686,0,春季美颜的4种食材,7种美颜护肤的食物
2687,0,春季美颜的4种食材,奇妙的健身美颜食谱
2688,0,春季美颜的4种食材,哪些食物可以美颜？
2689,0,少吃多餐可以减肥 如何吃才最减肥,职工餐菜谱
2690,0,少吃多餐可以减肥 如何吃才最减肥,苹果餐减肥法
2691,0,少吃多餐可以减肥 如何吃才最减肥,减肥餐
2692,0,少吃多餐可以减肥 如何吃才最减肥,月子餐的饮食禁忌有哪些
2693,0,少吃多餐可以减肥 如何吃才最减肥,三餐营养食谱有哪些
2694,0,少吃多餐可以减肥 如何吃才最减肥,产妇月子餐有哪些？
2695,0,少吃多餐可以减肥 如何吃才最减肥,排毒瘦身餐
2696,0,少吃多餐可以减肥 如何吃才最减肥,员工餐菜谱
2697,0,少吃多餐可以减肥 如何吃才最减肥,宝宝餐
2698,0,少吃多餐可以减肥 如何吃才最减肥,三餐美人计
2699,1,地耳的功效与饮食宜忌,地耳的营养价值
2700,1,地耳的功效与饮食宜忌,地耳的药用价值
2701,1,地耳的功效与饮食宜忌,地耳的简要介绍
2702,0,上班族运动减肥 别犯这4种错误,减肥日程
2703,0,上班族运动减肥 别犯这4种错误,减肥食品
2704,0,上班族运动减肥 别犯这4种错误,减肥餐
2705,0,上班族运动减肥 别犯这4种错误,减肥减肥减肥减肥
2706,0,上班族运动减肥 别犯这4种错误,减肥食谱
2707,0,上班族运动减肥 别犯这4种错误,减肥蔬菜
2708,0,上班族运动减肥 别犯这4种错误,减肥计划
2709,0,上班族运动减肥 别犯这4种错误,减肥方法
2710,0,上班族运动减肥 别犯这4种错误,减肥蔬菜什么蔬菜减肥
2711,0,经常看电脑眼睛都要瞎掉了 喝这个管用吗,婴儿便秘吃什么管用
2712,0,经常看电脑眼睛都要瞎掉了 喝这个管用吗,宫寒吃什么管用呢?
2713,0,经常看电脑眼睛都要瞎掉了 喝这个管用吗,贫血吃什么食物管用？
2714,0,经常看电脑眼睛都要瞎掉了 喝这个管用吗,营养神经管用食物有哪些
2715,0,经常看电脑眼睛都要瞎掉了 喝这个管用吗,上火吃这些食物最管用
2716,0,经常看电脑眼睛都要瞎掉了 喝这个管用吗,养颜祛斑吃什么？这些调理方法很管用！
2717,0,经常看电脑眼睛都要瞎掉了 喝这个管用吗,低血糖吃什么管用呢
2718,0,经常看电脑眼睛都要瞎掉了 喝这个管用吗,控制食欲吃什么最管用？
2719,0,经常看电脑眼睛都要瞎掉了 喝这个管用吗,压力大时吃什么最管用
2720,0,经常看电脑眼睛都要瞎掉了 喝这个管用吗,鼻子上火吃吃什么要管用
2721,0,4个小窍门帮你快速瘦掉大粗腿,日常饮品帮你预防疾病
2722,0,4个小窍门帮你快速瘦掉大粗腿,天然蔬菜可以帮你养生
2723,0,4个小窍门帮你快速瘦掉大粗腿,7食物帮你调节内分泌
2724,0,4个小窍门帮你快速瘦掉大粗腿,消化不良这些茶能帮你
2725,0,4个小窍门帮你快速瘦掉大粗腿,水果帮你解决便秘烦恼
2726,0,4个小窍门帮你快速瘦掉大粗腿,食物帮你除臭
2727,0,4个小窍门帮你快速瘦掉大粗腿,美食帮你减肥
2728,0,4个小窍门帮你快速瘦掉大粗腿,这些食物帮你保护肝脏
2729,0,4个小窍门帮你快速瘦掉大粗腿,不同颜色食物帮你减肥
2730,0,4个小窍门帮你快速瘦掉大粗腿,帮你挑选减压食品
2731,0,鸡腿菇的做法及营养价值,鸡腿菇的4大功效
2732,0,鸡腿菇的做法及营养价值,鸡腿菇的药用价值
2733,0,鸡腿菇的做法及营养价值,鸡腿菇的做法大全
2734,0,鸡腿菇的做法及营养价值,炒鸡腿菇的做法
2735,1,鸡腿菇的做法及营养价值,鸡腿菇的营养价值
2736,1,鸡腿菇的做法及营养价值,鸡腿菇的营养价值是什么
2737,0,鸡腿菇的做法及营养价值,鸡腿菇不能和什么一起吃
2738,1,鸡腿菇的做法及营养价值,鸡腿菇的做法
2739,0,头发总出油怎么办？教你护理小妙招,饮食减肥妙招
2740,0,头发总出油怎么办？教你护理小妙招,预防冬季发胖有妙招
2741,0,头发总出油怎么办？教你护理小妙招,生活小妙招
2742,0,头发总出油怎么办？教你护理小妙招,老人呵护眼睛妙招
2743,0,头发总出油怎么办？教你护理小妙招,鱼肉烹饪小妙招
2744,0,头发总出油怎么办？教你护理小妙招,辅食制作妙招
2745,0,头发总出油怎么办？教你护理小妙招,饮食解压有妙招
2746,0,头发总出油怎么办？教你护理小妙招,消除口臭有妙招
2747,0,土豆四大好处 瘦身美容又养生,减肥瘦身水果有哪些
2748,0,土豆四大好处 瘦身美容又养生,减肥瘦身果有哪些功效
2749,0,土豆四大好处 瘦身美容又养生,鸡蛋瘦身减肥
2750,0,土豆四大好处 瘦身美容又养生,瘦身减肥食谱有哪些
2751,0,土豆四大好处 瘦身美容又养生,果蔬汁减肥瘦身有哪些？
2752,0,土豆四大好处 瘦身美容又养生,果蔬汁减肥瘦身饮有哪些
2753,0,四招轻松去黑头,在家中去黑头的简单方法
2754,0,四招轻松去黑头,简单有效去黑头小窍门
2755,0,四招轻松去黑头,7种小方法清理“黑头”
2756,0,四招轻松去黑头,解析4大去黑头偏方到底哪种好
2757,0,四招轻松去黑头,食物去黑头安全又有效
2758,1,红菇的营养价值及功效,红菇的作用有什么
2759,0,红菇的营养价值及功效,红菇的做法
2760,1,红菇的营养价值及功效,红菇药用价值是什么
2761,1,红菇的营养价值及功效,红菇的营养价值
2762,1,红菇的营养价值及功效,红菇的药用价值有哪些
2763,0,红菇的营养价值及功效,抗癌山珍-红菇
2764,0,十二个最快减肥秘籍法,减肥日程
2765,0,十二个最快减肥秘籍法,减肥食品
2766,0,十二个最快减肥秘籍法,减肥餐
2767,0,十二个最快减肥秘籍法,减肥减肥减肥减肥
2768,0,十二个最快减肥秘籍法,减肥食谱
2769,0,十二个最快减肥秘籍法,减肥蔬菜
2770,0,十二个最快减肥秘籍法,减肥计划
2771,0,十二个最快减肥秘籍法,减肥方法
2772,0,十二个最快减肥秘籍法,减肥蔬菜什么蔬菜减肥
2773,0,白醋洗脸 4种方法让你变白变美,神奇揭秘喝这些水让女人变美
2774,0,白醋洗脸 4种方法让你变白变美,吃了这些菜马上变美
2775,0,白醋洗脸 4种方法让你变白变美,丑女想变美多吃6种食物
2776,0,白醋洗脸 4种方法让你变白变美,吃了就变美的八种驻颜食物
2777,0,白醋洗脸 4种方法让你变白变美,神奇喝这些水让女人速变美
2778,0,白醋洗脸 4种方法让你变白变美,想变美？合理膳食让你魅力四射
2779,0,白醋洗脸 4种方法让你变白变美,常吃7种蔬菜自然肌肤变美白
2780,0,白醋洗脸 4种方法让你变白变美,女人吃了就会变美的8种食物
2781,0,白醋洗脸 4种方法让你变白变美,悄悄变美这些食物吃出白皙水嫩肌
2782,0,白醋洗脸 4种方法让你变白变美,十种水果让你变美白
2783,0,盘点减肥要远离的四大食物,减肥日程
2784,0,盘点减肥要远离的四大食物,减肥食品
2785,0,盘点减肥要远离的四大食物,减肥餐
2786,0,盘点减肥要远离的四大食物,减肥减肥减肥减肥
2787,0,盘点减肥要远离的四大食物,减肥食谱
2788,0,盘点减肥要远离的四大食物,减肥蔬菜
2789,0,盘点减肥要远离的四大食物,减肥计划
2790,0,盘点减肥要远离的四大食物,减肥方法
2791,0,盘点减肥要远离的四大食物,减肥蔬菜什么蔬菜减肥
2792,0,抗衰老的7个方法 巧用绿茶美容,绿茶的做法有哪些
2793,0,抗衰老的7个方法 巧用绿茶美容,绿茶慕斯的做法有哪些
2794,0,抗衰老的7个方法 巧用绿茶美容,绿茶有哪些品种
2795,0,抗衰老的7个方法 巧用绿茶美容,绿茶有什么好处
2796,0,抗衰老的7个方法 巧用绿茶美容,绿茶制作工艺
2797,0,抗衰老的7个方法 巧用绿茶美容,绿茶的种类有哪些
2798,0,抗衰老的7个方法 巧用绿茶美容,炒青绿茶有哪些
2799,0,抗衰老的7个方法 巧用绿茶美容,绿茶瘦身美食
2800,0,抗衰老的7个方法 巧用绿茶美容,什么样的绿茶最好
2801,0,减肥先排毒 3个诀窍教你做无毒美人,斗地主必胜诀窍
2802,0,减肥先排毒 3个诀窍教你做无毒美人,家常小菜做法大全及诀窍
2803,0,减肥先排毒 3个诀窍教你做无毒美人,吃火锅的3个诀窍
2804,0,减肥先排毒 3个诀窍教你做无毒美人,做肉丸子有什么诀窍吗
2805,0,减肥先排毒 3个诀窍教你做无毒美人,私处护理的诀窍有哪些
2806,0,减肥先排毒 3个诀窍教你做无毒美人,能够吃白的诀窍
2807,0,减肥先排毒 3个诀窍教你做无毒美人,吃肉健康小诀窍
2808,0,减肥先排毒 3个诀窍教你做无毒美人,煲汤的诀窍及攻略
2809,0,减肥先排毒 3个诀窍教你做无毒美人,有什么养肝的诀窍
2810,0,减肥先排毒 3个诀窍教你做无毒美人,女人护肤的内在诀窍
2811,0,春季护肤必须要知道这4点,坚果美容护肤大比拼
2812,0,春季护肤必须要知道这4点,白色花卉成分护肤给力
2813,0,春季护肤必须要知道这4点,黑咖啡瘦身护肤法
2814,0,春季护肤必须要知道这4点,三点做好深层美白护肤
2815,0,春季护肤必须要知道这4点,夜间护肤很重要
2816,0,春季护肤必须要知道这4点,完美护肤看茶类精华
2817,0,春季护肤必须要知道这4点,五款护肤美容食谱
2818,0,春季护肤必须要知道这4点,7种美颜护肤的食物
2819,0,春季护肤必须要知道这4点,护肤饮食三多两少
2820,0,春季护肤必须要知道这4点,生活中常见的护肤食物
2821,0,吃东西的时间并不影响你减肥,看脸色吃东西更健康
2822,0,吃东西的时间并不影响你减肥,吃东西不吸收营养咋办？
2823,0,吃东西的时间并不影响你减肥,吃东西要五色入五脏
2824,0,吃东西的时间并不影响你减肥,睡前吃东西易脱发
2825,0,吃东西的时间并不影响你减肥,几点以后不能吃东西
2826,0,吃东西的时间并不影响你减肥,吃东西也可以补精，你知道该吃什么吗？
2827,0,吃东西的时间并不影响你减肥,睡前吃东西的危害有哪些
2828,0,吃东西的时间并不影响你减肥,宝宝一般几个月可以吃东西，可以吃些什么
2829,0,吃东西的时间并不影响你减肥,肝病不能吃东西有哪些呢？
2830,0,晚餐饮食减肥的5个技巧,减肥日程
2831,0,晚餐饮食减肥的5个技巧,减肥食品
2832,0,晚餐饮食减肥的5个技巧,减肥餐
2833,0,晚餐饮食减肥的5个技巧,减肥减肥减肥减肥
2834,0,晚餐饮食减肥的5个技巧,减肥食谱
2835,0,晚餐饮食减肥的5个技巧,减肥蔬菜
2836,0,晚餐饮食减肥的5个技巧,减肥计划
2837,0,晚餐饮食减肥的5个技巧,减肥方法
2838,0,晚餐饮食减肥的5个技巧,减肥蔬菜什么蔬菜减肥
2839,0,眼部皮肤脆弱 如何护眼？,护眼日常防范方法
2840,0,眼部皮肤脆弱 如何护眼？,宝宝喜爱的护眼佳肴
2841,0,眼部皮肤脆弱 如何护眼？,护眼食品ABC
2842,0,眼部皮肤脆弱 如何护眼？,电脑族护眼四大方法
2843,0,眼部皮肤脆弱 如何护眼？,近视，多吃护眼食品
2844,0,眼部皮肤脆弱 如何护眼？,最给力的五大护眼食物
2845,0,眼部皮肤脆弱 如何护眼？,上班族护眼饮食最该吃什么？
2846,0,眼部皮肤脆弱 如何护眼？,护眼吃什么？吃什么对眼睛好？
2847,0,眼部皮肤脆弱 如何护眼？,电脑族食疗护眼食物
2848,0,眼部皮肤脆弱 如何护眼？,菠菜甘蓝更护眼
2849,0,5类减肥食物 吃着就能瘦,减肥日程
2850,1,5类减肥食物 吃着就能瘦,减肥食品
2851,0,5类减肥食物 吃着就能瘦,减肥餐
2852,0,5类减肥食物 吃着就能瘦,减肥减肥减肥减肥
2853,1,5类减肥食物 吃着就能瘦,减肥食谱
2854,0,5类减肥食物 吃着就能瘦,减肥蔬菜
2855,0,5类减肥食物 吃着就能瘦,减肥计划
2856,0,5类减肥食物 吃着就能瘦,减肥方法
2857,0,5类减肥食物 吃着就能瘦,减肥蔬菜什么蔬菜减肥
2858,0,喝啤酒会长胖么？,啤酒对人体的危害有哪些
2859,0,喝啤酒会长胖么？,啤酒伴侣是什么？
2860,0,喝啤酒会长胖么？,什么罐装啤酒好喝
2861,0,喝啤酒会长胖么？,啤酒的好处
2862,0,喝啤酒会长胖么？,啤酒酒精含量
2863,0,喝啤酒会长胖么？,喝啤酒配什么小菜？
2864,0,喝啤酒会长胖么？,啤酒过敏
2865,0,喝啤酒会长胖么？,啤酒果的做法有哪些
2866,0,喝啤酒会长胖么？,煮啤酒的做法有哪些
2867,0,猴头菇的功效与作用,猴头菇价格
2868,0,猴头菇的功效与作用,干猴头菇的做法
2869,0,猴头菇的功效与作用,猴头菇的家常做法
2870,1,猴头菇的功效与作用,猴头菇作用
2871,0,猴头菇的功效与作用,猴头菇的禁忌
2872,0,喝豆浆减肥？教你科学减肥,豆浆有什么营养
2873,0,喝豆浆减肥？教你科学减肥,哪些人不适合喝豆浆?
2874,0,喝豆浆减肥？教你科学减肥,喝豆浆应注意哪些事
2875,0,喝豆浆减肥？教你科学减肥,哪些人不能喝豆浆
2876,0,喝豆浆减肥？教你科学减肥,豆浆鉴别
2877,0,喝豆浆减肥？教你科学减肥,豆浆减肥法
2878,0,喝豆浆减肥？教你科学减肥,豆浆的营养价值有哪些
2879,0,喝豆浆减肥？教你科学减肥,孕妇豆浆配方有哪些
2880,0,喝豆浆减肥？教你科学减肥,豆浆益处
2881,0,润肤养发四季百搭美食 这种食物真的有,孕妇养胃食物有哪些
2882,0,润肤养发四季百搭美食 这种食物真的有,养胃的主食有哪些
2883,0,润肤养发四季百搭美食 这种食物真的有,养发哪个牌子好？
2884,0,润肤养发四季百搭美食 这种食物真的有,孕妇养胃食谱有哪些
2885,0,润肤养发四季百搭美食 这种食物真的有,养胃水果有哪些？
2886,0,润肤养发四季百搭美食 这种食物真的有,哪些食物养胃好呢
2887,0,润肤养发四季百搭美食 这种食物真的有,养胃茶有哪些
2888,0,润肤养发四季百搭美食 这种食物真的有,哪些食物养肾呢
2889,0,润肤养发四季百搭美食 这种食物真的有,小孩养脾胃食物有哪些
2890,0,润肤养发四季百搭美食 这种食物真的有,养肠胃食谱有哪些
2891,0,便宜材料 强力美白,几种能美白的蔬菜
2892,0,便宜材料 强力美白,天然美白方法
2893,0,便宜材料 强力美白,食物美白偏方
2894,0,便宜材料 强力美白,美白防晒面膜
2895,0,便宜材料 强力美白,美白果汁
2896,0,便宜材料 强力美白,花生美白牙齿
2897,0,便宜材料 强力美白,美白肌肤吃什么呢
2898,0,便宜材料 强力美白,美白问答篇
2899,0,便宜材料 强力美白,美白紧肤面膜
2900,0,牢记生活细节 甩掉你的小肚腩,这样吃最容易长肚腩
2901,0,牢记生活细节 甩掉你的小肚腩,小心！这样吃最容易长肚腩
2902,0,牢记生活细节 甩掉你的小肚腩,吃掉烦人的小肚腩
2903,0,牢记生活细节 甩掉你的小肚腩,牢记生活细节甩掉你的小肚腩
2904,0,牢记生活细节 甩掉你的小肚腩,消灭肚腩四个饮食方案
2905,0,牢记生活细节 甩掉你的小肚腩,5种食物轻松吃出小肚腩
2906,0,牢记生活细节 甩掉你的小肚腩,11种食物甩掉你的小肚腩
2907,0,牢记生活细节 甩掉你的小肚腩,六大吃法必平你小肚腩
2908,0,16款排毒减肥餐 边吃边甩肉,哪些蔬菜可以减肥这五大蔬菜减肥甩肉好
2909,0,16款排毒减肥餐 边吃边甩肉,吃什么最容易减肥最甩肉的食物
2910,0,减肥吃鱼腥草，效果好不好？,鱼腥草的吃法
2911,0,减肥吃鱼腥草，效果好不好？,鱼腥草有什么作用
2912,0,减肥吃鱼腥草，效果好不好？,鱼腥草的药用有哪些
2913,0,减肥吃鱼腥草，效果好不好？,鱼腥草的功效
2914,0,减肥吃鱼腥草，效果好不好？,鱼腥草的药用价值
2915,0,减肥吃鱼腥草，效果好不好？,鱼腥草是什么
2916,0,减肥吃鱼腥草，效果好不好？,鱼腥草的副作用
2917,0,减肥吃鱼腥草，效果好不好？,鱼腥草的吃法有哪些
2918,0,减肥吃鱼腥草，效果好不好？,鱼腥草有哪几种吃法
2919,0,减肥吃鱼腥草，效果好不好？,鱼腥草什么味道
2920,0,香菇健康饮食百科,香菇肉酱哪款好
2921,0,香菇健康饮食百科,香菇面筋的做法有哪些
2922,0,香菇健康饮食百科,香菇的种植需要哪些条件
2923,0,香菇健康饮食百科,香菇的营养
2924,0,香菇健康饮食百科,香菇什么样的好
2925,0,香菇健康饮食百科,香菇用什么水泡
2926,0,香菇健康饮食百科,香菇大米粥有哪些营养
2927,0,香菇健康饮食百科,香菇的食用方法有哪些
2928,0,香菇健康饮食百科,香菇种类
2929,0,香菇健康饮食百科,榆黄菇和香菇哪个种植比较好
2930,0,节食减肥会引起这6个病症,运动节食减肥计划方法
2931,0,节食减肥会引起这6个病症,孕期切勿节食
2932,0,节食减肥会引起这6个病症,保苗条有效节食6秘诀
2933,0,节食减肥会引起这6个病症,节食的坏处有哪些
2934,1,节食减肥会引起这6个病症,节食对身体有哪些危害
2935,0,节食减肥会引起这6个病症,节食减肥的最好方法有哪些
2936,0,节食减肥会引起这6个病症,节食不排毒反而排营养
2937,0,节食减肥会引起这6个病症,老年人适当节食有益长寿
2938,0,节食减肥会引起这6个病症,节食减肥要注意的问题
2939,0,节食减肥会引起这6个病症,不节食的减肥四原则
2940,0,想要更加苗条 没事喝点儿茶,要养生喝点儿茶
2941,0,想要更加苗条 没事喝点儿茶,想要更加苗条没事喝点儿茶
2942,0,想要更加苗条 没事喝点儿茶,儿茶的功效和作用
2943,0,10种食物排毒消脂 加倍享瘦,10种食物排毒消脂加倍享瘦
2944,0,香菇：排毒抗癌，益气治风,哪种家常菜可以排毒？
2945,0,香菇：排毒抗癌，益气治风,排毒的食物有哪些
2946,0,香菇：排毒抗癌，益气治风,排毒效果
2947,0,香菇：排毒抗癌，益气治风,什么食品排毒
2948,1,香菇：排毒抗癌，益气治风,吃什么排毒
2949,0,香菇：排毒抗癌，益气治风,什么是排毒
2950,0,香菇：排毒抗癌，益气治风,什么果汁排毒
2951,0,女人爱自己 经期喝玫瑰花茶可缓解抑郁,玫瑰花茶的泡法
2952,0,女人爱自己 经期喝玫瑰花茶可缓解抑郁,玫瑰花茶适合什么季节喝
2953,0,女人爱自己 经期喝玫瑰花茶可缓解抑郁,玫瑰花茶的副作用
2954,0,女人爱自己 经期喝玫瑰花茶可缓解抑郁,玫瑰花茶副作用是什么？
2955,0,女人爱自己 经期喝玫瑰花茶可缓解抑郁,玫瑰花茶的喝法有哪些
2956,0,女人爱自己 经期喝玫瑰花茶可缓解抑郁,玫瑰花茶作用有哪些？
2957,0,女人爱自己 经期喝玫瑰花茶可缓解抑郁,玫瑰花茶的做法
2958,0,女人爱自己 经期喝玫瑰花茶可缓解抑郁,玫瑰花茶的介绍
2959,0,女人爱自己 经期喝玫瑰花茶可缓解抑郁,玫瑰花茶的搭配
2960,1,女人爱自己 经期喝玫瑰花茶可缓解抑郁,玫瑰花茶的药性有哪些？
2961,0,香菇的功效与作用,香菇肉酱哪款好
2962,0,香菇的功效与作用,香菇面筋的做法有哪些
2963,0,香菇的功效与作用,香菇的种植需要哪些条件
2964,0,香菇的功效与作用,香菇的营养
2965,0,香菇的功效与作用,香菇什么样的好
2966,0,香菇的功效与作用,香菇用什么水泡
2967,0,香菇的功效与作用,香菇大米粥有哪些营养
2968,0,香菇的功效与作用,香菇的食用方法有哪些
2969,0,香菇的功效与作用,香菇种类
2970,0,香菇的功效与作用,榆黄菇和香菇哪个种植比较好
2971,0,"好肤色也可以""喝""出来 8款适合女性的滋补汤",煲汤用哪种骨头最营养滋补
2972,0,"好肤色也可以""喝""出来 8款适合女性的滋补汤",排骨煲什么最滋补
2973,0,"好肤色也可以""喝""出来 8款适合女性的滋补汤",适合产妇滋补的食物有哪些
2974,0,"好肤色也可以""喝""出来 8款适合女性的滋补汤",滋补的食物有哪些？
2975,0,"好肤色也可以""喝""出来 8款适合女性的滋补汤",滋补肝脏的食物有哪些
2976,0,"好肤色也可以""喝""出来 8款适合女性的滋补汤",滋补养肾煲什么汤喝好
2977,0,"好肤色也可以""喝""出来 8款适合女性的滋补汤",滋补火锅有哪些？
2978,0,"好肤色也可以""喝""出来 8款适合女性的滋补汤",滋补养生茶有哪些
2979,0,"好肤色也可以""喝""出来 8款适合女性的滋补汤",家禽中男人吃哪样更滋补
2980,0,草菇的功效与作用及食用宜忌,脂肪肝的饮食宜忌
2981,0,草菇的功效与作用及食用宜忌,食物宜忌47个实用小常识
2982,0,草菇的功效与作用及食用宜忌,建议：运动前后的饮食宜忌
2983,0,草菇的功效与作用及食用宜忌,饮用水其实也有宜忌小百科
2984,0,草菇的功效与作用及食用宜忌,咳嗽宜忌原则
2985,0,草菇的功效与作用及食用宜忌,学龄前儿童食物宜忌
2986,0,草菇的功效与作用及食用宜忌,3种咳嗽的饮食宜忌
2987,0,草菇的功效与作用及食用宜忌,老年人饮食宜忌有哪些
2988,0,草菇的功效与作用及食用宜忌,感冒期间的饮食宜忌
2989,0,草菇的功效与作用及食用宜忌,食物的宜忌原则
2990,0,苹果牛奶减肥法 让你2天瘦7斤,吃什么可以瘦臀部
2991,0,苹果牛奶减肥法 让你2天瘦7斤,一瘦再瘦的零食清单
2992,1,苹果牛奶减肥法 让你2天瘦7斤,偏瘦吃什么比较好？
2993,0,苹果牛奶减肥法 让你2天瘦7斤,五种饮食搭配想瘦就瘦
2994,0,苹果牛奶减肥法 让你2天瘦7斤,吃什么瘦大腿效果好？
2995,0,苹果牛奶减肥法 让你2天瘦7斤,瘦腿计划
2996,0,苹果牛奶减肥法 让你2天瘦7斤,吃什么瘦腿效果好？
2997,0,苹果牛奶减肥法 让你2天瘦7斤,吃什么能瘦胸呢？
2998,0,苹果牛奶减肥法 让你2天瘦7斤,吃什么可以瘦屁股呢
2999,0,苹果牛奶减肥法 让你2天瘦7斤,什么颜色水果吃了瘦
3000,0,鸡枞菌的营养价值及做法,蛋类含有哪些营养成分
3001,0,鸡枞菌的营养价值及做法,哪种蛋类最营养？
3002,0,鸡枞菌的营养价值及做法,女性营养食谱有哪些
3003,0,鸡枞菌的营养价值及做法,营养晚餐有哪些？
3004,0,鸡枞菌的营养价值及做法,粗粮营养价值有哪些
3005,0,鸡枞菌的营养价值及做法,小孩营养早餐有哪些
3006,0,鸡枞菌的营养价值及做法,膳食营养原则有哪些
3007,0,鸡枞菌的营养价值及做法,哺乳期哪些东西没营养
3008,0,鸡枞菌的营养价值及做法,果蔬汁营养有哪些
3009,0,鸡枞菌的营养价值及做法,酸酸乳营养价值有哪些
3010,1,春夏多吃三种食物易排毒,哪种家常菜可以排毒？
3011,1,春夏多吃三种食物易排毒,排毒的食物有哪些
3012,0,春夏多吃三种食物易排毒,排毒效果
3013,1,春夏多吃三种食物易排毒,什么食品排毒
3014,1,春夏多吃三种食物易排毒,吃什么排毒
3015,0,春夏多吃三种食物易排毒,什么是排毒
3016,0,春夏多吃三种食物易排毒,什么果汁排毒
3017,1,玉米的养颜功效,减肥养颜食谱有哪些？
3018,0,玉米的养颜功效,养颜美容水果有哪些呢
3019,0,玉米的养颜功效,瘦身养颜的煲汤有哪些
3020,0,玉米的养颜功效,日常养颜茶有哪些
3021,0,玉米的养颜功效,有哪些常见美容养颜羹汤
3022,0,玉米的养颜功效,养颜花草茶配方有哪些
3023,0,玉米的养颜功效,排毒养颜的水果有哪些
3024,0,玉米的养颜功效,美容养颜茶有哪些
3025,0,玉米的养颜功效,女性养颜食品有哪些呢
3026,1,玉米的养颜功效,养颜补血茶有哪些
3027,0,草莓沙拉可减肥 酸奶代替沙拉酱,沙拉酱的做法
3028,0,草莓沙拉可减肥 酸奶代替沙拉酱,自制沙拉酱
3029,0,草莓沙拉可减肥 酸奶代替沙拉酱,法式沙拉酱
3030,0,草莓沙拉可减肥 酸奶代替沙拉酱,沙拉酱的用途有哪些
3031,0,草莓沙拉可减肥 酸奶代替沙拉酱,沙拉酱制作
3032,0,草莓沙拉可减肥 酸奶代替沙拉酱,沙拉酱蔬菜做法
3033,0,草莓沙拉可减肥 酸奶代替沙拉酱,水果沙拉酱的做法
3034,0,草莓沙拉可减肥 酸奶代替沙拉酱,沙拉酱用法
3035,0,草莓沙拉可减肥 酸奶代替沙拉酱,沙拉酱是什么
3036,0,草莓沙拉可减肥 酸奶代替沙拉酱,沙拉酱食物有什么？
3037,0,三种食物吃出水嫩肌肤,什么牌子紧致肌肤的好
3038,1,三种食物吃出水嫩肌肤,细腻肌肤吃出来
3039,0,三种食物吃出水嫩肌肤,紧致肌肤的护肤品
3040,0,三种食物吃出水嫩肌肤,紧致肌肤吃什么中药
3041,1,三种食物吃出水嫩肌肤,增加肌肤弹性食物
3042,1,三种食物吃出水嫩肌肤,美白肌肤吃什么呢
3043,0,三种食物吃出水嫩肌肤,紧致肌肤的方法
3044,0,三种食物吃出水嫩肌肤,紧致肌肤用什么方法最好
3045,0,三种食物吃出水嫩肌肤,肌肤的紧致肌肤
3046,0,三种食物吃出水嫩肌肤,敏感肌肤自制面膜
3047,0,多吃菌菇 能够美容养出好皮肤,菌菇的营养价值
3048,0,多吃菌菇 能够美容养出好皮肤,哪些人不宜食用菌菇？菌菇的副作用有哪些?
3049,0,多吃菌菇 能够美容养出好皮肤,老人多吃菌菇可保护血管
3050,0,多吃菌菇 能够美容养出好皮肤,仙贝和各种菌菇炖汤
3051,0,多吃菌菇 能够美容养出好皮肤,菌菇的种类
3052,1,羊肚菌的功效与作用,羊肚菌作用
3053,0,羊肚菌的功效与作用,羊肚菌做法
3054,0,羊肚菌的功效与作用,野生羊肚菌
3055,0,羊肚菌的功效与作用,羊肚菌是什么
3056,1,羊肚菌的功效与作用,羊肚菌的主要价值
3057,0,羊肚菌的功效与作用,羊肚菌的做法
3058,0,美容吃猪皮并不有效,猪皮的功效与作用
3059,0,美容吃猪皮并不有效,生猪皮的做法大全
3060,0,美容吃猪皮并不有效,猪皮的做法？
3061,0,美容吃猪皮并不有效,猪皮的做法大全
3062,0,美容吃猪皮并不有效,猪皮都可以做什么美食
3063,0,美容吃猪皮并不有效,猪皮有什么用途？
3064,0,美容吃猪皮并不有效,油炸猪皮的简单做法
3065,0,美容吃猪皮并不有效,炸猪皮的做法
3066,0,美容吃猪皮并不有效,猪皮的营养价值
3067,0,美容吃猪皮并不有效,猪皮营养价值有哪些
3068,1,怎么去鱼尾纹 用这物就能解决,四种食物赶走你的鱼尾纹！
3069,1,怎么去鱼尾纹 用这物就能解决,食物疗法去除鱼尾纹
3070,1,怎么去鱼尾纹 用这物就能解决,去除鱼尾纹的饮食秘方
3071,1,怎么去鱼尾纹 用这物就能解决,科学饮食减退鱼尾纹
3072,1,怎么去鱼尾纹 用这物就能解决,4个饮食小窍门减少鱼尾纹
3073,1,怎么去鱼尾纹 用这物就能解决,4个饮食小窍门减退鱼尾纹
3074,1,怎么去鱼尾纹 用这物就能解决,吃喝之中轻松赶走鱼尾纹
3075,1,怎么去鱼尾纹 用这物就能解决,祛除鱼尾纹的四种食物
3076,1,怎么去鱼尾纹 用这物就能解决,4个饮食窍门减退鱼尾纹
3077,1,喝3种茶去除口臭，与人交流不再尴尬,小孩口臭吃什么好？
3078,0,喝3种茶去除口臭，与人交流不再尴尬,2种食物预防口臭
3079,1,喝3种茶去除口臭，与人交流不再尴尬,口臭吃什么好
3080,0,喝3种茶去除口臭，与人交流不再尴尬,口臭吃什么？四种食物预防口臭
3081,1,喝3种茶去除口臭，与人交流不再尴尬,喝什么可以去口臭
3082,0,喝3种茶去除口臭，与人交流不再尴尬,治疗口臭的简单方法
3083,0,喝3种茶去除口臭，与人交流不再尴尬,口臭三清茶是什么？
3084,1,喝3种茶去除口臭，与人交流不再尴尬,喝什么可以治疗口臭
3085,1,喝3种茶去除口臭，与人交流不再尴尬,吃什么东西可以去除口臭
3086,1,喝3种茶去除口臭，与人交流不再尴尬,口臭吃什么比较好？
3087,0,吃蔬菜有啥好处？巧吃蔬菜不变老,养肝的食物有啥
3088,0,吃蔬菜有啥好处？巧吃蔬菜不变老,还有啥字谜
3089,0,吃蔬菜有啥好处？巧吃蔬菜不变老,动力鸡车有啥特色?
3090,0,吃蔬菜有啥好处？巧吃蔬菜不变老,有啥好吃的！？
3091,0,吃蔬菜有啥好处？巧吃蔬菜不变老,好吃的，有啥？
3092,0,吃蔬菜有啥好处？巧吃蔬菜不变老,东北有啥好吃的？
3093,0,吃蔬菜有啥好处？巧吃蔬菜不变老,杨铁叶子有啥作用
3094,0,吃蔬菜有啥好处？巧吃蔬菜不变老,必胜客有啥好吃的
3095,0,怎么吃都不长肉？太瘦的人要当心了,鱼未煮熟当心要命
3096,0,怎么吃都不长肉？太瘦的人要当心了,盲目减肥当心惹上脂肪肝
3097,0,怎么吃都不长肉？太瘦的人要当心了,当心水果也有副作用
3098,0,怎么吃都不长肉？太瘦的人要当心了,当心这10种有毒蔬菜
3099,0,怎么吃都不长肉？太瘦的人要当心了,女性应当心多囊卵巢综合症
3100,0,怎么吃都不长肉？太瘦的人要当心了,当心饮食害了皮肤
3101,0,怎么吃都不长肉？太瘦的人要当心了,脾气有变当心疾病
3102,0,怎么吃都不长肉？太瘦的人要当心了,当心！女人这里衰老最快
3103,0,怎么吃都不长肉？太瘦的人要当心了,过度饮水当心“水中毒”
3104,0,怎么吃都不长肉？太瘦的人要当心了,吃饭要当心这些致癌组合
3105,0,两周都可以不重样 11种低卡路里早餐推荐,高中生早餐
3106,0,两周都可以不重样 11种低卡路里早餐推荐,早餐食谱大全，早餐吃什么，早餐
3107,0,两周都可以不重样 11种低卡路里早餐推荐,早餐咸的有哪些
3108,0,两周都可以不重样 11种低卡路里早餐推荐,营养早餐有哪些？
3109,0,两周都可以不重样 11种低卡路里早餐推荐,万圣节早餐
3110,0,两周都可以不重样 11种低卡路里早餐推荐,小孩早餐食谱有哪些
3111,0,两周都可以不重样 11种低卡路里早餐推荐,儿童早餐需要哪些营养
3112,0,两周都可以不重样 11种低卡路里早餐推荐,快捷早餐有哪些
3113,0,两周都可以不重样 11种低卡路里早餐推荐,早餐搭配
3114,0,两周都可以不重样 11种低卡路里早餐推荐,主要经营哪些早餐
3115,0,口蘑的功效与作用,口蘑的做法大全
3116,0,口蘑的功效与作用,炒口蘑的做法
3117,0,口蘑的功效与作用,口蘑的几种做法
3118,0,口蘑的功效与作用,口蘑的营养价值
3119,0,口蘑的功效与作用,口蘑的适用人群
3120,0,口蘑的功效与作用,口蘑的做法
3121,0,口蘑的功效与作用,炒口蘑的调料：
3122,0,口蘑的功效与作用,口蘑是什么
3123,0,蘑菇的功效与作用及营养价值,什么的蘑菇？
3124,0,蘑菇的功效与作用及营养价值,蘑菇代表什么
3125,0,蘑菇的功效与作用及营养价值,蘑菇有哪些吃法？
3126,0,蘑菇的功效与作用及营养价值,都有什么蘑菇
3127,0,蘑菇的功效与作用及营养价值,什么样的蘑菇有毒
3128,0,蘑菇的功效与作用及营养价值,这是什么蘑菇
3129,0,蘑菇的功效与作用及营养价值,蘑菇的种类有哪些
3130,1,蘑菇的功效与作用及营养价值,蘑菇有哪些营养成分
3131,0,减肥最佳食品——豆腐,减肥日程
3132,1,减肥最佳食品——豆腐,减肥食品
3133,0,减肥最佳食品——豆腐,减肥餐
3134,0,减肥最佳食品——豆腐,减肥减肥减肥减肥
3135,1,减肥最佳食品——豆腐,减肥食谱
3136,0,减肥最佳食品——豆腐,减肥蔬菜
3137,0,减肥最佳食品——豆腐,减肥计划
3138,0,减肥最佳食品——豆腐,减肥方法
3139,0,减肥最佳食品——豆腐,减肥蔬菜什么蔬菜减肥
3140,1,西红柿可祛斑 你知道到吗,祛斑吃什么食物调理
3141,1,西红柿可祛斑 你知道到吗,有哪些食物可以祛斑
3142,1,西红柿可祛斑 你知道到吗,祛斑的食物
3143,1,西红柿可祛斑 你知道到吗,祛斑有哪几种有效的方法
3144,0,西红柿可祛斑 你知道到吗,柠檬水可以祛斑美容
3145,1,西红柿可祛斑 你知道到吗,吃什么水果祛斑？
3146,1,西红柿可祛斑 你知道到吗,祛斑的食物有哪些M
3147,1,西红柿可祛斑 你知道到吗,吃什么食物可以祛斑
3148,1,木耳的功效与作用及做法,木耳有哪些营养功效
3149,0,木耳的功效与作用及做法,海木耳的吃法有哪些
3150,1,木耳的功效与作用及做法,吃木耳有哪些好处呢
3151,0,木耳的功效与作用及做法,哪些人不宜吃木耳呢
3152,0,木耳的功效与作用及做法,干锅木耳的做法有哪些
3153,0,木耳的功效与作用及做法,木耳什么意思
3154,0,木耳的功效与作用及做法,木耳的食用方法有哪些
3155,1,木耳的功效与作用及做法,木耳的药用价值有哪些呢
3156,1,木耳的功效与作用及做法,木耳的营养价值有哪些方面
3157,0,木耳的功效与作用及做法,木耳是什么味
3158,0,为啥你喝凉水都长肉？,夏季最好少喝凉水的原因有哪些？
3159,0,为啥你喝凉水都长肉？,炒蔬菜时切勿放凉水
3160,0,为啥你喝凉水都长肉？,煮蚬子用凉水还是热水
3161,0,为啥你喝凉水都长肉？,苦丁茶凉水泡的好处
3162,0,为啥你喝凉水都长肉？,炒菜中途别加凉水
3163,0,为啥你喝凉水都长肉？,凉水煮饭真的好？
3164,0,平菇的功效与作用及购买指南,平菇是发物么
3165,0,平菇的功效与作用及购买指南,平菇的介绍
3166,0,平菇的功效与作用及购买指南,平菇和什么相克
3167,0,平菇的功效与作用及购买指南,平菇需要焯水吗
3168,0,平菇的功效与作用及购买指南,平菇的做法
3169,0,平菇的功效与作用及购买指南,平菇培养基
3170,0,平菇的功效与作用及购买指南,平菇是什么？
3171,0,平菇的功效与作用及购买指南,蚝油焖平菇
3172,0,平菇的功效与作用及购买指南,平菇鸡蛋汤
3173,1,备孕推荐食谱,女性备孕吃什么好
3174,1,备孕推荐食谱,男人备孕吃什么食物？
3175,0,备孕推荐食谱,备孕期间不能吃什么
3176,1,备孕推荐食谱,适合女性备孕的食物有哪些？
3177,1,备孕推荐食谱,备孕饮食指南
3178,1,备孕推荐食谱,备孕食谱
3179,1,备孕推荐食谱,备孕女孩要吃什么？
3180,1,备孕推荐食谱,男性备孕食谱有哪些
3181,1,备孕推荐食谱,备孕期间吃什么食物？
3182,1,备孕推荐食谱,备孕应该吃什么食物？
3183,1,10款丰胸汤 吃出C杯胸不是梦,丰胸的食物有哪些
3184,0,10款丰胸汤 吃出C杯胸不是梦,丰胸的中药有哪些
3185,1,10款丰胸汤 吃出C杯胸不是梦,女人吃什么长胸
3186,1,10款丰胸汤 吃出C杯胸不是梦,丰胸食品有哪些
3187,1,10款丰胸汤 吃出C杯胸不是梦,丰胸食物有哪些？
3188,0,10款丰胸汤 吃出C杯胸不是梦,丰胸是什么意思
3189,1,10款丰胸汤 吃出C杯胸不是梦,丰胸美白的食物有哪些
3190,1,10款丰胸汤 吃出C杯胸不是梦,哪些食物丰胸效果好
3191,1,10款丰胸汤 吃出C杯胸不是梦,丰胸食谱
3192,0,初秋养肺食疗法 不容忽视的养生法则,牙龈出血不容忽视警惕四大原因！
3193,0,初秋养肺食疗法 不容忽视的养生法则,6种不容忽视的食欲变化
3194,0,初秋养肺食疗法 不容忽视的养生法则,学生用眼过度保护视力不容忽视
3195,0,初秋养肺食疗法 不容忽视的养生法则,“五高一低”主食不容忽视的主因
3196,0,初秋养肺食疗法 不容忽视的养生法则,这些不容忽视的产后危险症状
3197,0,初秋养肺食疗法 不容忽视的养生法则,饮食对受孕的作用不容忽视
3198,0,初秋养肺食疗法 不容忽视的养生法则,“五高一低”主食营养不容忽视
3199,0,初秋养肺食疗法 不容忽视的养生法则,奶瓶刻度：不容忽视的细节
3200,0,女性需要远离的8大体臭食物,孕妇应远离垃圾食品
3201,0,女性需要远离的8大体臭食物,远离快餐综合症
3202,0,女性需要远离的8大体臭食物,长痘痘远离这些食物
3203,0,女性需要远离的8大体臭食物,巧饮食远离节后综合症
3204,0,女性需要远离的8大体臭食物,让你远离便秘的几种食物！
3205,0,女性需要远离的8大体臭食物,让宝宝远离慢性胃炎
3206,0,女性需要远离的8大体臭食物,远离癌细胞远离6种食物
3207,0,女性需要远离的8大体臭食物,吃哪些水果可以远离辐射呢？
3208,0,女性需要远离的8大体臭食物,这几种食物让你远离皱纹
3209,0,女性需要远离的8大体臭食物,一辈子需要远离的零食，就是这几种
3210,0,减肥沙拉那种酱好 这三种酱可代替沙拉酱,农家酱的做法有哪些
3211,0,减肥沙拉那种酱好 这三种酱可代替沙拉酱,酱烧罗非鱼
3212,0,减肥沙拉那种酱好 这三种酱可代替沙拉酱,比萨酱的做法有哪些
3213,0,减肥沙拉那种酱好 这三种酱可代替沙拉酱,意面买什么酱
3214,0,减肥沙拉那种酱好 这三种酱可代替沙拉酱,烧烤酱配方
3215,0,减肥沙拉那种酱好 这三种酱可代替沙拉酱,做三明治用什么酱好原来是这两种
3216,0,减肥沙拉那种酱好 这三种酱可代替沙拉酱,韩式酱土豆
3217,0,减肥沙拉那种酱好 这三种酱可代替沙拉酱,关于酱都有哪些越多越好谢了。
3218,0,减肥沙拉那种酱好 这三种酱可代替沙拉酱,黄金酱做法有哪些
3219,0,减肥沙拉那种酱好 这三种酱可代替沙拉酱,自制烤肉酱
3220,0,减肥要吃4种食物 让你变成“小腰精”,减肥日程
3221,1,减肥要吃4种食物 让你变成“小腰精”,减肥食品
3222,0,减肥要吃4种食物 让你变成“小腰精”,减肥餐
3223,0,减肥要吃4种食物 让你变成“小腰精”,减肥减肥减肥减肥
3224,1,减肥要吃4种食物 让你变成“小腰精”,减肥食谱
3225,1,减肥要吃4种食物 让你变成“小腰精”,减肥蔬菜
3226,0,减肥要吃4种食物 让你变成“小腰精”,减肥计划
3227,0,减肥要吃4种食物 让你变成“小腰精”,减肥方法
3228,0,减肥要吃4种食物 让你变成“小腰精”,减肥蔬菜什么蔬菜减肥
3229,0,主妇秘笈:减肥就要这样做饭,家常菜做饭大全
3230,0,主妇秘笈:减肥就要这样做饭,做饭需要哪些工具？
3231,0,主妇秘笈:减肥就要这样做饭,做饭包放什么酱好吃
3232,0,主妇秘笈:减肥就要这样做饭,学做饭大全有哪些
3233,0,主妇秘笈:减肥就要这样做饭,家庭做饭
3234,0,主妇秘笈:减肥就要这样做饭,我要做饭
3235,0,主妇秘笈:减肥就要这样做饭,用砂锅做饭和焖锅做饭有什么区别
3236,0,主妇秘笈:减肥就要这样做饭,厨房做饭材料
3237,0,主妇秘笈:减肥就要这样做饭,做饭的成语有哪些
3238,0,主妇秘笈:减肥就要这样做饭,开始学做饭时从哪些菜做起
3239,0,草菇的营养价值及药性功效,草菇到底是什么
3240,0,草菇的营养价值及药性功效,孕妇吃草菇的做法
3241,0,草菇的营养价值及药性功效,草菇的贮存方法
3242,0,草菇的营养价值及药性功效,草菇的适用人群
3243,1,草菇的营养价值及药性功效,草菇的营养价值
3244,0,草菇的营养价值及药性功效,草菇的做法
3245,0,草菇的营养价值及药性功效,草菇的做法大全
3246,0,草菇的营养价值及药性功效,草菇是什么样子的？
3247,0,草菇的营养价值及药性功效,草菇的做法主要介绍
3248,0,美容巧吃三文鱼,烟熏三文鱼
3249,0,美容巧吃三文鱼,什么是三文鱼
3250,0,美容巧吃三文鱼,三文鱼详细介绍
3251,0,美容巧吃三文鱼,三文鱼的好处
3252,0,美容巧吃三文鱼,三文鱼做法
3253,0,美容巧吃三文鱼,浅谈三文鱼
3254,0,美容巧吃三文鱼,三文鱼的做法
3255,0,美容巧吃三文鱼,三文鱼的迁徙
3256,0,盘点5大瘦脸食物 轻松吃出V形脸,消水肿食物盘点
3257,0,盘点5大瘦脸食物 轻松吃出V形脸,天然护肤食物大盘点
3258,0,盘点5大瘦脸食物 轻松吃出V形脸,盘点五大瘦身果蔬
3259,0,盘点5大瘦脸食物 轻松吃出V形脸,盘点四种可美容甜点
3260,0,盘点5大瘦脸食物 轻松吃出V形脸,喝酒的禁忌盘点
3261,0,盘点5大瘦脸食物 轻松吃出V形脸,最伤胃食物大盘点
3262,0,盘点5大瘦脸食物 轻松吃出V形脸,抗低血压饮食盘点
3263,0,盘点5大瘦脸食物 轻松吃出V形脸,面食大盘点，到底哪些是你的最爱？
3264,0,盘点5大瘦脸食物 轻松吃出V形脸,盘点6种零食饿死癌细胞
3265,0,盘点5大瘦脸食物 轻松吃出V形脸,处暑健康饮食大盘点
3266,0,这些食物是长肉的助手，减肥的敌人,这么吃苗条不长肉
3267,0,这些食物是长肉的助手，减肥的敌人,吃零食不长肉的方法
3268,0,这些食物是长肉的助手，减肥的敌人,补气不长肉的食物
3269,0,这些食物是长肉的助手，减肥的敌人,3款糖水抵抗干燥不长肉
3270,0,这些食物是长肉的助手，减肥的敌人,三餐这么吃苗条不长肉
3271,0,这些食物是长肉的助手，减肥的敌人,小心食物酱料里的长肉神器
3272,0,这些食物是长肉的助手，减肥的敌人,睡觉也不长肉十种食物
3273,0,这些食物是长肉的助手，减肥的敌人,填鸭式喂养光长肉不长个
3274,0,这些食物是长肉的助手，减肥的敌人,十种食物睡的香不长肉
3275,0,这些食物是长肉的助手，减肥的敌人,吃肉不长肉，这些肉食是首选！
3276,1,消除小肚腩的10种食物,五款茶饮去掉小肚腩
3277,0,消除小肚腩的10种食物,果蔬减肥法让你远离小肚腩
3278,0,消除小肚腩的10种食物,最易长小肚腩饮食
3279,0,消除小肚腩的10种食物,易发胖长小肚腩饮食
3280,0,消除小肚腩的10种食物,3步帮你轻松减掉小肚腩
3281,0,消除小肚腩的10种食物,睡前睡后赶走小肚腩
3282,1,消除小肚腩的10种食物,"蔬菜""降脂药""消除小肚腩"
3283,0,果蔬让女性更有魅力,降血脂果蔬有哪些？
3284,0,果蔬让女性更有魅力,果蔬的营养和功效有哪些
3285,0,果蔬让女性更有魅力,哪些果蔬皮一定不能扔
3286,0,果蔬让女性更有魅力,哪些果蔬能瘦身？
3287,0,果蔬让女性更有魅力,果蔬干的营养不等于果蔬
3288,0,果蔬让女性更有魅力,果蔬可能残留哪些农药
3289,0,果蔬让女性更有魅力,哪些果蔬能瘦身
3290,0,果蔬让女性更有魅力,最脏果蔬排行榜
3291,0,果蔬让女性更有魅力,果蔬拼盘
3292,0,果蔬让女性更有魅力,果蔬营养面哪家好？
3293,0,燃烧脂肪的三大食物,哪种坚果脂肪含量低
3294,0,燃烧脂肪的三大食物,中小学生与脂肪
3295,0,燃烧脂肪的三大食物,含脂肪高的坚果类有哪些
3296,0,燃烧脂肪的三大食物,哪些肉类脂肪高
3297,0,燃烧脂肪的三大食物,哪些是高脂肪食品
3298,0,燃烧脂肪的三大食物,分解脂肪的有效食物有哪些
3299,0,燃烧脂肪的三大食物,脂肪的作用
3300,0,燃烧脂肪的三大食物,哪些肉类属于高脂肪高蛋白？
3301,0,燃烧脂肪的三大食物,什么东西脂肪高
3302,0,燃烧脂肪的三大食物,脂肪高的食物有哪些？
3303,0,王牌减肥食物超燃脂 简单吃吃狂掉肉,吃吃家常菜时时防早泄
3304,0,王牌减肥食物超燃脂 简单吃吃狂掉肉,节后吃吃这些刮油食物
3305,0,王牌减肥食物超燃脂 简单吃吃狂掉肉,多吃吃黄皮对人体有什么好处？
3306,0,王牌减肥食物超燃脂 简单吃吃狂掉肉,随便吃吃都能祛火的零食
3307,0,王牌减肥食物超燃脂 简单吃吃狂掉肉,强直性脊柱炎吃吃什么东西比较好？
3308,0,王牌减肥食物超燃脂 简单吃吃狂掉肉,什么素饺子馅最好吃吃
3309,0,王牌减肥食物超燃脂 简单吃吃狂掉肉,几种妇科病，吃吃东西就治好了
3310,0,王牌减肥食物超燃脂 简单吃吃狂掉肉,脾气火爆吃吃这些食物马上顺气
3311,0,王牌减肥食物超燃脂 简单吃吃狂掉肉,小孩骨折吃吃哪些食物恢复快
3312,0,王牌减肥食物超燃脂 简单吃吃狂掉肉,鼻子上火吃吃什么要管用
3313,0,吃苹果有什么好处,孕妇吃苹果有什么好处
